"id_edicao","canal_divulgacao","inscricoes","percentual"
1,"EMAIL",1,16.6666666666666667
1,"INDICACAO",1,16.6666666666666667
1,"OUTRO",2,33.3333333333333333
1,"SITE_EVENTO",2,33.3333333333333333
2,"INDICACAO",1,20.0000000000000000
2,"REDE_SOCIAL",2,40.0000000000000000
2,NULL,2,40.0000000000000000
3,"EMAIL",2,40.0000000000000000
3,"OUTRO",1,20.0000000000000000
3,"SITE_EVENTO",2,40.0000000000000000
4,"INDICACAO",2,40.0000000000000000
4,"REDE_SOCIAL",2,40.0000000000000000
4,NULL,1,20.0000000000000000
5,"EMAIL",2,40.0000000000000000
5,"OUTRO",2,40.0000000000000000
5,"SITE_EVENTO",1,20.0000000000000000
6,"INDICACAO",2,40.0000000000000000
6,"REDE_SOCIAL",1,20.0000000000000000
6,NULL,2,40.0000000000000000
7,"EMAIL",1,20.0000000000000000
7,"OUTRO",2,40.0000000000000000
7,"SITE_EVENTO",2,40.0000000000000000
8,"INDICACAO",1,20.0000000000000000
8,"REDE_SOCIAL",2,40.0000000000000000
8,NULL,2,40.0000000000000000
9,"EMAIL",2,40.0000000000000000
9,"OUTRO",1,20.0000000000000000
9,"SITE_EVENTO",2,40.0000000000000000
10,"INDICACAO",2,40.0000000000000000
10,"REDE_SOCIAL",2,40.0000000000000000
10,NULL,1,20.0000000000000000
11,"EMAIL",2,40.0000000000000000
11,"OUTRO",2,40.0000000000000000
11,"SITE_EVENTO",1,20.0000000000000000
12,"INDICACAO",2,40.0000000000000000
12,"REDE_SOCIAL",1,20.0000000000000000
12,NULL,2,40.0000000000000000
13,"EMAIL",1,20.0000000000000000
13,"OUTRO",2,40.0000000000000000
13,"SITE_EVENTO",2,40.0000000000000000
14,"INDICACAO",1,20.0000000000000000
14,"REDE_SOCIAL",2,40.0000000000000000
14,NULL,2,40.0000000000000000
15,"EMAIL",2,40.0000000000000000
15,"OUTRO",1,20.0000000000000000
15,"SITE_EVENTO",2,40.0000000000000000
16,"INDICACAO",2,40.0000000000000000
16,"REDE_SOCIAL",2,40.0000000000000000
16,NULL,1,20.0000000000000000
17,"EMAIL",2,40.0000000000000000
17,"OUTRO",2,40.0000000000000000
17,"SITE_EVENTO",1,20.0000000000000000
18,"INDICACAO",2,40.0000000000000000
18,"REDE_SOCIAL",1,20.0000000000000000
18,NULL,2,40.0000000000000000
19,"EMAIL",1,20.0000000000000000
19,"OUTRO",2,40.0000000000000000
19,"SITE_EVENTO",2,40.0000000000000000
20,"INDICACAO",1,20.0000000000000000
20,"REDE_SOCIAL",2,40.0000000000000000
20,NULL,2,40.0000000000000000
21,"EMAIL",2,40.0000000000000000
21,"OUTRO",1,20.0000000000000000
21,"SITE_EVENTO",2,40.0000000000000000
22,"INDICACAO",2,40.0000000000000000
22,"REDE_SOCIAL",2,40.0000000000000000
22,NULL,1,20.0000000000000000
23,"EMAIL",2,40.0000000000000000
23,"OUTRO",2,40.0000000000000000
23,"SITE_EVENTO",1,20.0000000000000000
24,"INDICACAO",2,40.0000000000000000
24,"REDE_SOCIAL",1,20.0000000000000000
24,NULL,2,40.0000000000000000
25,"EMAIL",1,20.0000000000000000
25,"OUTRO",2,40.0000000000000000
25,"SITE_EVENTO",2,40.0000000000000000
26,"INDICACAO",1,20.0000000000000000
26,"REDE_SOCIAL",2,40.0000000000000000
26,NULL,2,40.0000000000000000
27,"EMAIL",2,40.0000000000000000
27,"OUTRO",1,20.0000000000000000
27,"SITE_EVENTO",2,40.0000000000000000
28,"INDICACAO",2,40.0000000000000000
28,"REDE_SOCIAL",2,40.0000000000000000
28,NULL,1,20.0000000000000000
29,"EMAIL",2,40.0000000000000000
29,"OUTRO",2,40.0000000000000000
29,"SITE_EVENTO",1,20.0000000000000000
30,"INDICACAO",2,40.0000000000000000
30,"REDE_SOCIAL",1,20.0000000000000000
30,NULL,2,40.0000000000000000
31,"EMAIL",1,20.0000000000000000
31,"OUTRO",2,40.0000000000000000
31,"SITE_EVENTO",2,40.0000000000000000
32,"INDICACAO",1,20.0000000000000000
32,"REDE_SOCIAL",2,40.0000000000000000
32,NULL,2,40.0000000000000000
33,"EMAIL",2,40.0000000000000000
33,"OUTRO",1,20.0000000000000000
33,"SITE_EVENTO",2,40.0000000000000000
34,"INDICACAO",2,40.0000000000000000
34,"REDE_SOCIAL",2,40.0000000000000000
34,NULL,1,20.0000000000000000
35,"EMAIL",2,40.0000000000000000
35,"OUTRO",2,40.0000000000000000
35,"SITE_EVENTO",1,20.0000000000000000
36,"INDICACAO",2,40.0000000000000000
36,"REDE_SOCIAL",1,20.0000000000000000
36,NULL,2,40.0000000000000000
37,"EMAIL",1,20.0000000000000000
37,"OUTRO",2,40.0000000000000000
37,"SITE_EVENTO",2,40.0000000000000000
38,"INDICACAO",1,20.0000000000000000
38,"REDE_SOCIAL",2,40.0000000000000000
38,NULL,2,40.0000000000000000
39,"EMAIL",2,40.0000000000000000
39,"OUTRO",1,20.0000000000000000
39,"SITE_EVENTO",2,40.0000000000000000
40,"INDICACAO",2,40.0000000000000000
40,"REDE_SOCIAL",2,40.0000000000000000
40,NULL,1,20.0000000000000000
41,"EMAIL",2,40.0000000000000000
41,"OUTRO",2,40.0000000000000000
41,"SITE_EVENTO",1,20.0000000000000000
42,"INDICACAO",2,40.0000000000000000
42,"REDE_SOCIAL",1,20.0000000000000000
42,NULL,2,40.0000000000000000
43,"EMAIL",1,20.0000000000000000
43,"OUTRO",2,40.0000000000000000
43,"SITE_EVENTO",2,40.0000000000000000
44,"INDICACAO",1,20.0000000000000000
44,"REDE_SOCIAL",2,40.0000000000000000
44,NULL,2,40.0000000000000000
45,"EMAIL",2,40.0000000000000000
45,"OUTRO",1,20.0000000000000000
45,"SITE_EVENTO",2,40.0000000000000000
46,"INDICACAO",2,40.0000000000000000
46,"REDE_SOCIAL",2,40.0000000000000000
46,NULL,1,20.0000000000000000
47,"EMAIL",2,40.0000000000000000
47,"OUTRO",2,40.0000000000000000
47,"SITE_EVENTO",1,20.0000000000000000
48,"INDICACAO",2,40.0000000000000000
48,"REDE_SOCIAL",1,20.0000000000000000
48,NULL,2,40.0000000000000000
49,"EMAIL",1,20.0000000000000000
49,"OUTRO",2,40.0000000000000000
49,"SITE_EVENTO",2,40.0000000000000000
50,"INDICACAO",1,20.0000000000000000
50,"REDE_SOCIAL",2,40.0000000000000000
50,NULL,2,40.0000000000000000
51,"EMAIL",2,40.0000000000000000
51,"OUTRO",1,20.0000000000000000
51,"SITE_EVENTO",2,40.0000000000000000
52,"INDICACAO",2,40.0000000000000000
52,"REDE_SOCIAL",2,40.0000000000000000
52,NULL,1,20.0000000000000000
53,"EMAIL",2,40.0000000000000000
53,"OUTRO",2,40.0000000000000000
53,"SITE_EVENTO",1,20.0000000000000000
54,"INDICACAO",2,40.0000000000000000
54,"REDE_SOCIAL",1,20.0000000000000000
54,NULL,2,40.0000000000000000
55,"EMAIL",1,20.0000000000000000
55,"OUTRO",2,40.0000000000000000
55,"SITE_EVENTO",2,40.0000000000000000
56,"INDICACAO",1,20.0000000000000000
56,"REDE_SOCIAL",2,40.0000000000000000
56,NULL,2,40.0000000000000000
57,"EMAIL",2,40.0000000000000000
57,"OUTRO",1,20.0000000000000000
57,"SITE_EVENTO",2,40.0000000000000000
58,"INDICACAO",2,40.0000000000000000
58,"REDE_SOCIAL",2,40.0000000000000000
58,NULL,1,20.0000000000000000
59,"EMAIL",2,40.0000000000000000
59,"OUTRO",2,40.0000000000000000
59,"SITE_EVENTO",1,20.0000000000000000
60,"INDICACAO",2,40.0000000000000000
60,"REDE_SOCIAL",1,20.0000000000000000
60,NULL,2,40.0000000000000000
61,"EMAIL",1,20.0000000000000000
61,"OUTRO",2,40.0000000000000000
61,"SITE_EVENTO",2,40.0000000000000000
62,"INDICACAO",1,20.0000000000000000
62,"REDE_SOCIAL",2,40.0000000000000000
62,NULL,2,40.0000000000000000
63,"EMAIL",2,40.0000000000000000
63,"OUTRO",1,20.0000000000000000
63,"SITE_EVENTO",2,40.0000000000000000
64,"INDICACAO",2,40.0000000000000000
64,"REDE_SOCIAL",2,40.0000000000000000
64,NULL,1,20.0000000000000000
65,"EMAIL",2,40.0000000000000000
65,"OUTRO",2,40.0000000000000000
65,"SITE_EVENTO",1,20.0000000000000000
66,"INDICACAO",2,40.0000000000000000
66,"REDE_SOCIAL",1,20.0000000000000000
66,NULL,2,40.0000000000000000
67,"EMAIL",1,20.0000000000000000
67,"OUTRO",2,40.0000000000000000
67,"SITE_EVENTO",2,40.0000000000000000
68,"INDICACAO",1,20.0000000000000000
68,"REDE_SOCIAL",2,40.0000000000000000
68,NULL,2,40.0000000000000000
69,"EMAIL",2,40.0000000000000000
69,"OUTRO",1,20.0000000000000000
69,"SITE_EVENTO",2,40.0000000000000000
70,"INDICACAO",2,40.0000000000000000
70,"REDE_SOCIAL",2,40.0000000000000000
70,NULL,1,20.0000000000000000
71,"EMAIL",2,40.0000000000000000
71,"OUTRO",2,40.0000000000000000
71,"SITE_EVENTO",1,20.0000000000000000
72,"INDICACAO",2,40.0000000000000000
72,"REDE_SOCIAL",1,20.0000000000000000
72,NULL,2,40.0000000000000000
73,"EMAIL",1,20.0000000000000000
73,"OUTRO",2,40.0000000000000000
73,"SITE_EVENTO",2,40.0000000000000000
74,"INDICACAO",1,20.0000000000000000
74,"REDE_SOCIAL",2,40.0000000000000000
74,NULL,2,40.0000000000000000
75,"EMAIL",2,40.0000000000000000
75,"OUTRO",1,20.0000000000000000
75,"SITE_EVENTO",2,40.0000000000000000
76,"INDICACAO",2,40.0000000000000000
76,"REDE_SOCIAL",2,40.0000000000000000
76,NULL,1,20.0000000000000000
77,"EMAIL",2,40.0000000000000000
77,"OUTRO",2,40.0000000000000000
77,"SITE_EVENTO",1,20.0000000000000000
78,"INDICACAO",2,40.0000000000000000
78,"REDE_SOCIAL",1,20.0000000000000000
78,NULL,2,40.0000000000000000
79,"EMAIL",1,20.0000000000000000
79,"OUTRO",2,40.0000000000000000
79,"SITE_EVENTO",2,40.0000000000000000
80,"INDICACAO",1,20.0000000000000000
80,"REDE_SOCIAL",2,40.0000000000000000
80,NULL,2,40.0000000000000000
81,"EMAIL",2,40.0000000000000000
81,"OUTRO",1,20.0000000000000000
81,"SITE_EVENTO",2,40.0000000000000000
82,"INDICACAO",2,40.0000000000000000
82,"REDE_SOCIAL",2,40.0000000000000000
82,NULL,1,20.0000000000000000
83,"EMAIL",2,40.0000000000000000
83,"OUTRO",2,40.0000000000000000
83,"SITE_EVENTO",1,20.0000000000000000
84,"INDICACAO",2,40.0000000000000000
84,"REDE_SOCIAL",1,20.0000000000000000
84,NULL,2,40.0000000000000000
85,"EMAIL",1,20.0000000000000000
85,"OUTRO",2,40.0000000000000000
85,"SITE_EVENTO",2,40.0000000000000000
86,"INDICACAO",1,20.0000000000000000
86,"REDE_SOCIAL",2,40.0000000000000000
86,NULL,2,40.0000000000000000
87,"EMAIL",2,40.0000000000000000
87,"OUTRO",1,20.0000000000000000
87,"SITE_EVENTO",2,40.0000000000000000
88,"INDICACAO",2,40.0000000000000000
88,"REDE_SOCIAL",2,40.0000000000000000
88,NULL,1,20.0000000000000000
89,"EMAIL",2,40.0000000000000000
89,"OUTRO",2,40.0000000000000000
89,"SITE_EVENTO",1,20.0000000000000000
90,"INDICACAO",2,40.0000000000000000
90,"REDE_SOCIAL",1,20.0000000000000000
90,NULL,2,40.0000000000000000
91,"EMAIL",1,20.0000000000000000
91,"OUTRO",2,40.0000000000000000
91,"SITE_EVENTO",2,40.0000000000000000
92,"INDICACAO",1,20.0000000000000000
92,"REDE_SOCIAL",2,40.0000000000000000
92,NULL,2,40.0000000000000000
93,"EMAIL",2,40.0000000000000000
93,"OUTRO",1,20.0000000000000000
93,"SITE_EVENTO",2,40.0000000000000000
94,"INDICACAO",2,40.0000000000000000
94,"REDE_SOCIAL",2,40.0000000000000000
94,NULL,1,20.0000000000000000
95,"EMAIL",2,40.0000000000000000
95,"OUTRO",2,40.0000000000000000
95,"SITE_EVENTO",1,20.0000000000000000
96,"INDICACAO",2,40.0000000000000000
96,"REDE_SOCIAL",1,20.0000000000000000
96,NULL,2,40.0000000000000000
97,"EMAIL",1,20.0000000000000000
97,"OUTRO",2,40.0000000000000000
97,"SITE_EVENTO",2,40.0000000000000000
98,"INDICACAO",1,20.0000000000000000
98,"REDE_SOCIAL",2,40.0000000000000000
98,NULL,2,40.0000000000000000
99,"EMAIL",2,40.0000000000000000
99,"OUTRO",1,20.0000000000000000
99,"SITE_EVENTO",2,40.0000000000000000
100,"INDICACAO",2,40.0000000000000000
100,"REDE_SOCIAL",2,40.0000000000000000
100,NULL,1,20.0000000000000000
101,"EMAIL",2,40.0000000000000000
101,"OUTRO",2,40.0000000000000000
101,"SITE_EVENTO",1,20.0000000000000000
102,"INDICACAO",2,40.0000000000000000
102,"REDE_SOCIAL",1,20.0000000000000000
102,NULL,2,40.0000000000000000
103,"EMAIL",1,20.0000000000000000
103,"OUTRO",2,40.0000000000000000
103,"SITE_EVENTO",2,40.0000000000000000
104,"INDICACAO",1,20.0000000000000000
104,"REDE_SOCIAL",2,40.0000000000000000
104,NULL,2,40.0000000000000000
105,"EMAIL",2,40.0000000000000000
105,"OUTRO",1,20.0000000000000000
105,"SITE_EVENTO",2,40.0000000000000000
106,"INDICACAO",2,40.0000000000000000
106,"REDE_SOCIAL",2,40.0000000000000000
106,NULL,1,20.0000000000000000
107,"EMAIL",2,40.0000000000000000
107,"OUTRO",2,40.0000000000000000
107,"SITE_EVENTO",1,20.0000000000000000
108,"INDICACAO",2,40.0000000000000000
108,"REDE_SOCIAL",1,20.0000000000000000
108,NULL,2,40.0000000000000000
109,"EMAIL",1,20.0000000000000000
109,"OUTRO",2,40.0000000000000000
109,"SITE_EVENTO",2,40.0000000000000000
110,"INDICACAO",1,20.0000000000000000
110,"REDE_SOCIAL",2,40.0000000000000000
110,NULL,2,40.0000000000000000
111,"EMAIL",2,40.0000000000000000
111,"OUTRO",1,20.0000000000000000
111,"SITE_EVENTO",2,40.0000000000000000
112,"INDICACAO",2,40.0000000000000000
112,"REDE_SOCIAL",2,40.0000000000000000
112,NULL,1,20.0000000000000000
113,"EMAIL",2,40.0000000000000000
113,"OUTRO",2,40.0000000000000000
113,"SITE_EVENTO",1,20.0000000000000000
114,"INDICACAO",2,40.0000000000000000
114,"REDE_SOCIAL",1,20.0000000000000000
114,NULL,2,40.0000000000000000
115,"EMAIL",1,20.0000000000000000
115,"OUTRO",2,40.0000000000000000
115,"SITE_EVENTO",2,40.0000000000000000
116,"INDICACAO",1,20.0000000000000000
116,"REDE_SOCIAL",2,40.0000000000000000
116,NULL,2,40.0000000000000000
117,"EMAIL",2,40.0000000000000000
117,"OUTRO",1,20.0000000000000000
117,"SITE_EVENTO",2,40.0000000000000000
118,"INDICACAO",2,40.0000000000000000
118,"REDE_SOCIAL",2,40.0000000000000000
118,NULL,1,20.0000000000000000
119,"EMAIL",2,40.0000000000000000
119,"OUTRO",2,40.0000000000000000
119,"SITE_EVENTO",1,20.0000000000000000
120,"INDICACAO",2,40.0000000000000000
120,"REDE_SOCIAL",1,20.0000000000000000
120,NULL,2,40.0000000000000000
121,"EMAIL",1,20.0000000000000000
121,"OUTRO",2,40.0000000000000000
121,"SITE_EVENTO",2,40.0000000000000000
122,"INDICACAO",1,20.0000000000000000
122,"REDE_SOCIAL",2,40.0000000000000000
122,NULL,2,40.0000000000000000
123,"EMAIL",2,40.0000000000000000
123,"OUTRO",1,20.0000000000000000
123,"SITE_EVENTO",2,40.0000000000000000
124,"INDICACAO",2,40.0000000000000000
124,"REDE_SOCIAL",2,40.0000000000000000
124,NULL,1,20.0000000000000000
125,"EMAIL",2,40.0000000000000000
125,"OUTRO",2,40.0000000000000000
125,"SITE_EVENTO",1,20.0000000000000000
126,"INDICACAO",2,40.0000000000000000
126,"REDE_SOCIAL",1,20.0000000000000000
126,NULL,2,40.0000000000000000
127,"EMAIL",1,20.0000000000000000
127,"OUTRO",2,40.0000000000000000
127,"SITE_EVENTO",2,40.0000000000000000
128,"INDICACAO",1,20.0000000000000000
128,"REDE_SOCIAL",2,40.0000000000000000
128,NULL,2,40.0000000000000000
129,"EMAIL",2,40.0000000000000000
129,"OUTRO",1,20.0000000000000000
129,"SITE_EVENTO",2,40.0000000000000000
130,"INDICACAO",2,40.0000000000000000
130,"REDE_SOCIAL",2,40.0000000000000000
130,NULL,1,20.0000000000000000
131,"EMAIL",2,40.0000000000000000
131,"OUTRO",2,40.0000000000000000
131,"SITE_EVENTO",1,20.0000000000000000
132,"INDICACAO",2,40.0000000000000000
132,"REDE_SOCIAL",1,20.0000000000000000
132,NULL,2,40.0000000000000000
133,"EMAIL",1,20.0000000000000000
133,"OUTRO",2,40.0000000000000000
133,"SITE_EVENTO",2,40.0000000000000000
134,"INDICACAO",1,20.0000000000000000
134,"REDE_SOCIAL",2,40.0000000000000000
134,NULL,2,40.0000000000000000
135,"EMAIL",2,40.0000000000000000
135,"OUTRO",1,20.0000000000000000
135,"SITE_EVENTO",2,40.0000000000000000
136,"INDICACAO",2,40.0000000000000000
136,"REDE_SOCIAL",2,40.0000000000000000
136,NULL,1,20.0000000000000000
137,"EMAIL",2,40.0000000000000000
137,"OUTRO",2,40.0000000000000000
137,"SITE_EVENTO",1,20.0000000000000000
138,"INDICACAO",2,40.0000000000000000
138,"REDE_SOCIAL",1,20.0000000000000000
138,NULL,2,40.0000000000000000
139,"EMAIL",1,20.0000000000000000
139,"OUTRO",2,40.0000000000000000
139,"SITE_EVENTO",2,40.0000000000000000
140,"INDICACAO",1,20.0000000000000000
140,"REDE_SOCIAL",2,40.0000000000000000
140,NULL,2,40.0000000000000000
141,"EMAIL",2,40.0000000000000000
141,"OUTRO",1,20.0000000000000000
141,"SITE_EVENTO",2,40.0000000000000000
142,"INDICACAO",2,40.0000000000000000
142,"REDE_SOCIAL",2,40.0000000000000000
142,NULL,1,20.0000000000000000
143,"EMAIL",2,40.0000000000000000
143,"OUTRO",2,40.0000000000000000
143,"SITE_EVENTO",1,20.0000000000000000
144,"INDICACAO",2,40.0000000000000000
144,"REDE_SOCIAL",1,20.0000000000000000
144,NULL,2,40.0000000000000000
145,"EMAIL",1,20.0000000000000000
145,"OUTRO",2,40.0000000000000000
145,"SITE_EVENTO",2,40.0000000000000000
146,"INDICACAO",1,20.0000000000000000
146,"REDE_SOCIAL",2,40.0000000000000000
146,NULL,2,40.0000000000000000
147,"EMAIL",2,40.0000000000000000
147,"OUTRO",1,20.0000000000000000
147,"SITE_EVENTO",2,40.0000000000000000
148,"INDICACAO",2,40.0000000000000000
148,"REDE_SOCIAL",2,40.0000000000000000
148,NULL,1,20.0000000000000000
149,"EMAIL",2,40.0000000000000000
149,"OUTRO",2,40.0000000000000000
149,"SITE_EVENTO",1,20.0000000000000000
150,"INDICACAO",2,40.0000000000000000
150,"REDE_SOCIAL",1,20.0000000000000000
150,NULL,2,40.0000000000000000
151,"EMAIL",1,20.0000000000000000
151,"OUTRO",2,40.0000000000000000
151,"SITE_EVENTO",2,40.0000000000000000
152,"INDICACAO",1,20.0000000000000000
152,"REDE_SOCIAL",2,40.0000000000000000
152,NULL,2,40.0000000000000000
153,"EMAIL",2,40.0000000000000000
153,"OUTRO",1,20.0000000000000000
153,"SITE_EVENTO",2,40.0000000000000000
154,"INDICACAO",2,40.0000000000000000
154,"REDE_SOCIAL",2,40.0000000000000000
154,NULL,1,20.0000000000000000
155,"EMAIL",2,40.0000000000000000
155,"OUTRO",2,40.0000000000000000
155,"SITE_EVENTO",1,20.0000000000000000
156,"INDICACAO",2,40.0000000000000000
156,"REDE_SOCIAL",1,20.0000000000000000
156,NULL,2,40.0000000000000000
157,"EMAIL",1,20.0000000000000000
157,"OUTRO",2,40.0000000000000000
157,"SITE_EVENTO",2,40.0000000000000000
158,"INDICACAO",1,20.0000000000000000
158,"REDE_SOCIAL",2,40.0000000000000000
158,NULL,2,40.0000000000000000
159,"EMAIL",2,40.0000000000000000
159,"OUTRO",1,20.0000000000000000
159,"SITE_EVENTO",2,40.0000000000000000
160,"INDICACAO",2,40.0000000000000000
160,"REDE_SOCIAL",2,40.0000000000000000
160,NULL,1,20.0000000000000000
161,"EMAIL",2,40.0000000000000000
161,"OUTRO",2,40.0000000000000000
161,"SITE_EVENTO",1,20.0000000000000000
162,"INDICACAO",2,40.0000000000000000
162,"REDE_SOCIAL",1,20.0000000000000000
162,NULL,2,40.0000000000000000
163,"EMAIL",1,20.0000000000000000
163,"OUTRO",2,40.0000000000000000
163,"SITE_EVENTO",2,40.0000000000000000
164,"INDICACAO",1,20.0000000000000000
164,"REDE_SOCIAL",2,40.0000000000000000
164,NULL,2,40.0000000000000000
165,"EMAIL",2,40.0000000000000000
165,"OUTRO",1,20.0000000000000000
165,"SITE_EVENTO",2,40.0000000000000000
166,"INDICACAO",2,40.0000000000000000
166,"REDE_SOCIAL",2,40.0000000000000000
166,NULL,1,20.0000000000000000
167,"EMAIL",2,40.0000000000000000
167,"OUTRO",2,40.0000000000000000
167,"SITE_EVENTO",1,20.0000000000000000
168,"INDICACAO",2,40.0000000000000000
168,"REDE_SOCIAL",1,20.0000000000000000
168,NULL,2,40.0000000000000000
169,"EMAIL",1,20.0000000000000000
169,"OUTRO",2,40.0000000000000000
169,"SITE_EVENTO",2,40.0000000000000000
170,"INDICACAO",1,20.0000000000000000
170,"REDE_SOCIAL",2,40.0000000000000000
170,NULL,2,40.0000000000000000
171,"EMAIL",2,40.0000000000000000
171,"OUTRO",1,20.0000000000000000
171,"SITE_EVENTO",2,40.0000000000000000
172,"INDICACAO",2,40.0000000000000000
172,"REDE_SOCIAL",2,40.0000000000000000
172,NULL,1,20.0000000000000000
173,"EMAIL",2,40.0000000000000000
173,"OUTRO",2,40.0000000000000000
173,"SITE_EVENTO",1,20.0000000000000000
174,"INDICACAO",2,40.0000000000000000
174,"REDE_SOCIAL",1,20.0000000000000000
174,NULL,2,40.0000000000000000
175,"EMAIL",1,20.0000000000000000
175,"OUTRO",2,40.0000000000000000
175,"SITE_EVENTO",2,40.0000000000000000
176,"INDICACAO",1,20.0000000000000000
176,"REDE_SOCIAL",2,40.0000000000000000
176,NULL,2,40.0000000000000000
177,"EMAIL",2,40.0000000000000000
177,"OUTRO",1,20.0000000000000000
177,"SITE_EVENTO",2,40.0000000000000000
178,"INDICACAO",2,40.0000000000000000
178,"REDE_SOCIAL",2,40.0000000000000000
178,NULL,1,20.0000000000000000
179,"EMAIL",2,40.0000000000000000
179,"OUTRO",2,40.0000000000000000
179,"SITE_EVENTO",1,20.0000000000000000
180,"INDICACAO",2,40.0000000000000000
180,"REDE_SOCIAL",1,20.0000000000000000
180,NULL,2,40.0000000000000000
181,"EMAIL",1,20.0000000000000000
181,"OUTRO",2,40.0000000000000000
181,"SITE_EVENTO",2,40.0000000000000000
182,"INDICACAO",1,20.0000000000000000
182,"REDE_SOCIAL",2,40.0000000000000000
182,NULL,2,40.0000000000000000
183,"EMAIL",2,40.0000000000000000
183,"OUTRO",1,20.0000000000000000
183,"SITE_EVENTO",2,40.0000000000000000
184,"INDICACAO",2,40.0000000000000000
184,"REDE_SOCIAL",2,40.0000000000000000
184,NULL,1,20.0000000000000000
185,"EMAIL",2,40.0000000000000000
185,"OUTRO",2,40.0000000000000000
185,"SITE_EVENTO",1,20.0000000000000000
186,"INDICACAO",2,40.0000000000000000
186,"REDE_SOCIAL",1,20.0000000000000000
186,NULL,2,40.0000000000000000
187,"EMAIL",1,20.0000000000000000
187,"OUTRO",2,40.0000000000000000
187,"SITE_EVENTO",2,40.0000000000000000
188,"INDICACAO",1,20.0000000000000000
188,"REDE_SOCIAL",2,40.0000000000000000
188,NULL,2,40.0000000000000000
189,"EMAIL",2,40.0000000000000000
189,"OUTRO",1,20.0000000000000000
189,"SITE_EVENTO",2,40.0000000000000000
190,"INDICACAO",2,40.0000000000000000
190,"REDE_SOCIAL",2,40.0000000000000000
190,NULL,1,20.0000000000000000
191,"EMAIL",2,40.0000000000000000
191,"OUTRO",2,40.0000000000000000
191,"SITE_EVENTO",1,20.0000000000000000
192,"INDICACAO",2,40.0000000000000000
192,"REDE_SOCIAL",1,20.0000000000000000
192,NULL,2,40.0000000000000000
193,"EMAIL",1,20.0000000000000000
193,"OUTRO",2,40.0000000000000000
193,"SITE_EVENTO",2,40.0000000000000000
194,"INDICACAO",1,20.0000000000000000
194,"REDE_SOCIAL",2,40.0000000000000000
194,NULL,2,40.0000000000000000
195,"EMAIL",2,40.0000000000000000
195,"OUTRO",1,20.0000000000000000
195,"SITE_EVENTO",2,40.0000000000000000
196,"INDICACAO",2,40.0000000000000000
196,"REDE_SOCIAL",2,40.0000000000000000
196,NULL,1,20.0000000000000000
197,"EMAIL",2,40.0000000000000000
197,"OUTRO",2,40.0000000000000000
197,"SITE_EVENTO",1,20.0000000000000000
198,"INDICACAO",2,40.0000000000000000
198,"REDE_SOCIAL",1,20.0000000000000000
198,NULL,2,40.0000000000000000
199,"EMAIL",1,20.0000000000000000
199,"OUTRO",2,40.0000000000000000
199,"SITE_EVENTO",2,40.0000000000000000
200,"INDICACAO",1,20.0000000000000000
200,"REDE_SOCIAL",2,40.0000000000000000
200,NULL,2,40.0000000000000000
201,"EMAIL",2,40.0000000000000000
201,"OUTRO",1,20.0000000000000000
201,"SITE_EVENTO",2,40.0000000000000000
202,"INDICACAO",2,40.0000000000000000
202,"REDE_SOCIAL",2,40.0000000000000000
202,NULL,1,20.0000000000000000
203,"EMAIL",2,40.0000000000000000
203,"OUTRO",2,40.0000000000000000
203,"SITE_EVENTO",1,20.0000000000000000
204,"INDICACAO",2,40.0000000000000000
204,"REDE_SOCIAL",1,20.0000000000000000
204,NULL,2,40.0000000000000000
205,"EMAIL",1,20.0000000000000000
205,"OUTRO",2,40.0000000000000000
205,"SITE_EVENTO",2,40.0000000000000000
206,"INDICACAO",1,20.0000000000000000
206,"REDE_SOCIAL",2,40.0000000000000000
206,NULL,2,40.0000000000000000
207,"EMAIL",2,40.0000000000000000
207,"OUTRO",1,20.0000000000000000
207,"SITE_EVENTO",2,40.0000000000000000
208,"INDICACAO",2,40.0000000000000000
208,"REDE_SOCIAL",2,40.0000000000000000
208,NULL,1,20.0000000000000000
209,"EMAIL",2,40.0000000000000000
209,"OUTRO",2,40.0000000000000000
209,"SITE_EVENTO",1,20.0000000000000000
210,"INDICACAO",2,40.0000000000000000
210,"REDE_SOCIAL",1,20.0000000000000000
210,NULL,2,40.0000000000000000
211,"EMAIL",1,20.0000000000000000
211,"OUTRO",2,40.0000000000000000
211,"SITE_EVENTO",2,40.0000000000000000
212,"INDICACAO",1,20.0000000000000000
212,"REDE_SOCIAL",2,40.0000000000000000
212,NULL,2,40.0000000000000000
213,"EMAIL",2,40.0000000000000000
213,"OUTRO",1,20.0000000000000000
213,"SITE_EVENTO",2,40.0000000000000000
214,"INDICACAO",2,40.0000000000000000
214,"REDE_SOCIAL",2,40.0000000000000000
214,NULL,1,20.0000000000000000
215,"EMAIL",2,40.0000000000000000
215,"OUTRO",2,40.0000000000000000
215,"SITE_EVENTO",1,20.0000000000000000
216,"INDICACAO",2,40.0000000000000000
216,"REDE_SOCIAL",1,20.0000000000000000
216,NULL,2,40.0000000000000000
217,"EMAIL",1,20.0000000000000000
217,"OUTRO",2,40.0000000000000000
217,"SITE_EVENTO",2,40.0000000000000000
218,"INDICACAO",1,20.0000000000000000
218,"REDE_SOCIAL",2,40.0000000000000000
218,NULL,2,40.0000000000000000
219,"EMAIL",2,40.0000000000000000
219,"OUTRO",1,20.0000000000000000
219,"SITE_EVENTO",2,40.0000000000000000
220,"INDICACAO",2,40.0000000000000000
220,"REDE_SOCIAL",2,40.0000000000000000
220,NULL,1,20.0000000000000000
221,"EMAIL",2,40.0000000000000000
221,"OUTRO",2,40.0000000000000000
221,"SITE_EVENTO",1,20.0000000000000000
222,"INDICACAO",2,40.0000000000000000
222,"REDE_SOCIAL",1,20.0000000000000000
222,NULL,2,40.0000000000000000
223,"EMAIL",1,20.0000000000000000
223,"OUTRO",2,40.0000000000000000
223,"SITE_EVENTO",2,40.0000000000000000
224,"INDICACAO",1,20.0000000000000000
224,"REDE_SOCIAL",2,40.0000000000000000
224,NULL,2,40.0000000000000000
225,"EMAIL",2,40.0000000000000000
225,"OUTRO",1,20.0000000000000000
225,"SITE_EVENTO",2,40.0000000000000000
226,"INDICACAO",2,40.0000000000000000
226,"REDE_SOCIAL",2,40.0000000000000000
226,NULL,1,20.0000000000000000
227,"EMAIL",2,40.0000000000000000
227,"OUTRO",2,40.0000000000000000
227,"SITE_EVENTO",1,20.0000000000000000
228,"INDICACAO",2,40.0000000000000000
228,"REDE_SOCIAL",1,20.0000000000000000
228,NULL,2,40.0000000000000000
229,"EMAIL",1,20.0000000000000000
229,"OUTRO",2,40.0000000000000000
229,"SITE_EVENTO",2,40.0000000000000000
230,"INDICACAO",1,20.0000000000000000
230,"REDE_SOCIAL",2,40.0000000000000000
230,NULL,2,40.0000000000000000
231,"EMAIL",2,40.0000000000000000
231,"OUTRO",1,20.0000000000000000
231,"SITE_EVENTO",2,40.0000000000000000
232,"INDICACAO",2,40.0000000000000000
232,"REDE_SOCIAL",2,40.0000000000000000
232,NULL,1,20.0000000000000000
233,"EMAIL",2,40.0000000000000000
233,"OUTRO",2,40.0000000000000000
233,"SITE_EVENTO",1,20.0000000000000000
234,"INDICACAO",2,40.0000000000000000
234,"REDE_SOCIAL",1,20.0000000000000000
234,NULL,2,40.0000000000000000
235,"EMAIL",1,20.0000000000000000
235,"OUTRO",2,40.0000000000000000
235,"SITE_EVENTO",2,40.0000000000000000
236,"INDICACAO",1,20.0000000000000000
236,"REDE_SOCIAL",2,40.0000000000000000
236,NULL,2,40.0000000000000000
237,"EMAIL",2,40.0000000000000000
237,"OUTRO",1,20.0000000000000000
237,"SITE_EVENTO",2,40.0000000000000000
238,"INDICACAO",2,40.0000000000000000
238,"REDE_SOCIAL",2,40.0000000000000000
238,NULL,1,20.0000000000000000
239,"EMAIL",2,40.0000000000000000
239,"OUTRO",2,40.0000000000000000
239,"SITE_EVENTO",1,20.0000000000000000
240,"INDICACAO",2,40.0000000000000000
240,"REDE_SOCIAL",1,20.0000000000000000
240,NULL,2,40.0000000000000000
241,"EMAIL",1,20.0000000000000000
241,"OUTRO",2,40.0000000000000000
241,"SITE_EVENTO",2,40.0000000000000000
242,"INDICACAO",1,20.0000000000000000
242,"REDE_SOCIAL",2,40.0000000000000000
242,NULL,2,40.0000000000000000
243,"EMAIL",2,40.0000000000000000
243,"OUTRO",1,20.0000000000000000
243,"SITE_EVENTO",2,40.0000000000000000
244,"INDICACAO",2,40.0000000000000000
244,"REDE_SOCIAL",2,40.0000000000000000
244,NULL,1,20.0000000000000000
245,"EMAIL",2,40.0000000000000000
245,"OUTRO",2,40.0000000000000000
245,"SITE_EVENTO",1,20.0000000000000000
246,"INDICACAO",2,40.0000000000000000
246,"REDE_SOCIAL",1,20.0000000000000000
246,NULL,2,40.0000000000000000
247,"EMAIL",1,20.0000000000000000
247,"OUTRO",2,40.0000000000000000
247,"SITE_EVENTO",2,40.0000000000000000
248,"INDICACAO",1,20.0000000000000000
248,"REDE_SOCIAL",2,40.0000000000000000
248,NULL,2,40.0000000000000000
249,"EMAIL",2,40.0000000000000000
249,"OUTRO",1,20.0000000000000000
249,"SITE_EVENTO",2,40.0000000000000000
250,"INDICACAO",2,40.0000000000000000
250,"REDE_SOCIAL",2,40.0000000000000000
250,NULL,1,20.0000000000000000
251,"EMAIL",2,40.0000000000000000
251,"OUTRO",2,40.0000000000000000
251,"SITE_EVENTO",1,20.0000000000000000
252,"INDICACAO",2,40.0000000000000000
252,"REDE_SOCIAL",1,20.0000000000000000
252,NULL,2,40.0000000000000000
253,"EMAIL",1,20.0000000000000000
253,"OUTRO",2,40.0000000000000000
253,"SITE_EVENTO",2,40.0000000000000000
254,"INDICACAO",1,20.0000000000000000
254,"REDE_SOCIAL",2,40.0000000000000000
254,NULL,2,40.0000000000000000
255,"EMAIL",2,40.0000000000000000
255,"OUTRO",1,20.0000000000000000
255,"SITE_EVENTO",2,40.0000000000000000
256,"INDICACAO",2,40.0000000000000000
256,"REDE_SOCIAL",2,40.0000000000000000
256,NULL,1,20.0000000000000000
257,"EMAIL",2,40.0000000000000000
257,"OUTRO",2,40.0000000000000000
257,"SITE_EVENTO",1,20.0000000000000000
258,"INDICACAO",2,40.0000000000000000
258,"REDE_SOCIAL",1,20.0000000000000000
258,NULL,2,40.0000000000000000
259,"EMAIL",1,20.0000000000000000
259,"OUTRO",2,40.0000000000000000
259,"SITE_EVENTO",2,40.0000000000000000
260,"INDICACAO",1,20.0000000000000000
260,"REDE_SOCIAL",2,40.0000000000000000
260,NULL,2,40.0000000000000000
261,"EMAIL",2,40.0000000000000000
261,"OUTRO",1,20.0000000000000000
261,"SITE_EVENTO",2,40.0000000000000000
262,"INDICACAO",2,40.0000000000000000
262,"REDE_SOCIAL",2,40.0000000000000000
262,NULL,1,20.0000000000000000
263,"EMAIL",2,40.0000000000000000
263,"OUTRO",2,40.0000000000000000
263,"SITE_EVENTO",1,20.0000000000000000
264,"INDICACAO",2,40.0000000000000000
264,"REDE_SOCIAL",1,20.0000000000000000
264,NULL,2,40.0000000000000000
265,"EMAIL",1,20.0000000000000000
265,"OUTRO",2,40.0000000000000000
265,"SITE_EVENTO",2,40.0000000000000000
266,"INDICACAO",1,20.0000000000000000
266,"REDE_SOCIAL",2,40.0000000000000000
266,NULL,2,40.0000000000000000
267,"EMAIL",2,40.0000000000000000
267,"OUTRO",1,20.0000000000000000
267,"SITE_EVENTO",2,40.0000000000000000
268,"INDICACAO",2,40.0000000000000000
268,"REDE_SOCIAL",2,40.0000000000000000
268,NULL,1,20.0000000000000000
269,"EMAIL",2,40.0000000000000000
269,"OUTRO",2,40.0000000000000000
269,"SITE_EVENTO",1,20.0000000000000000
270,"INDICACAO",2,40.0000000000000000
270,"REDE_SOCIAL",1,20.0000000000000000
270,NULL,2,40.0000000000000000
271,"EMAIL",1,20.0000000000000000
271,"OUTRO",2,40.0000000000000000
271,"SITE_EVENTO",2,40.0000000000000000
272,"INDICACAO",1,20.0000000000000000
272,"REDE_SOCIAL",2,40.0000000000000000
272,NULL,2,40.0000000000000000
273,"EMAIL",2,40.0000000000000000
273,"OUTRO",1,20.0000000000000000
273,"SITE_EVENTO",2,40.0000000000000000
274,"INDICACAO",2,40.0000000000000000
274,"REDE_SOCIAL",2,40.0000000000000000
274,NULL,1,20.0000000000000000
275,"EMAIL",2,40.0000000000000000
275,"OUTRO",2,40.0000000000000000
275,"SITE_EVENTO",1,20.0000000000000000
276,"INDICACAO",2,40.0000000000000000
276,"REDE_SOCIAL",1,20.0000000000000000
276,NULL,2,40.0000000000000000
277,"EMAIL",1,20.0000000000000000
277,"OUTRO",2,40.0000000000000000
277,"SITE_EVENTO",2,40.0000000000000000
278,"INDICACAO",1,20.0000000000000000
278,"REDE_SOCIAL",2,40.0000000000000000
278,NULL,2,40.0000000000000000
279,"EMAIL",2,40.0000000000000000
279,"OUTRO",1,20.0000000000000000
279,"SITE_EVENTO",2,40.0000000000000000
280,"INDICACAO",2,40.0000000000000000
280,"REDE_SOCIAL",2,40.0000000000000000
280,NULL,1,20.0000000000000000
281,"EMAIL",2,40.0000000000000000
281,"OUTRO",2,40.0000000000000000
281,"SITE_EVENTO",1,20.0000000000000000
282,"INDICACAO",2,40.0000000000000000
282,"REDE_SOCIAL",1,20.0000000000000000
282,NULL,2,40.0000000000000000
283,"EMAIL",1,20.0000000000000000
283,"OUTRO",2,40.0000000000000000
283,"SITE_EVENTO",2,40.0000000000000000
284,"INDICACAO",1,20.0000000000000000
284,"REDE_SOCIAL",2,40.0000000000000000
284,NULL,2,40.0000000000000000
285,"EMAIL",2,40.0000000000000000
285,"OUTRO",1,20.0000000000000000
285,"SITE_EVENTO",2,40.0000000000000000
286,"INDICACAO",2,40.0000000000000000
286,"REDE_SOCIAL",2,40.0000000000000000
286,NULL,1,20.0000000000000000
287,"EMAIL",2,40.0000000000000000
287,"OUTRO",2,40.0000000000000000
287,"SITE_EVENTO",1,20.0000000000000000
288,"INDICACAO",2,40.0000000000000000
288,"REDE_SOCIAL",1,20.0000000000000000
288,NULL,2,40.0000000000000000
289,"EMAIL",1,20.0000000000000000
289,"OUTRO",2,40.0000000000000000
289,"SITE_EVENTO",2,40.0000000000000000
290,"INDICACAO",1,20.0000000000000000
290,"REDE_SOCIAL",2,40.0000000000000000
290,NULL,2,40.0000000000000000
291,"EMAIL",2,40.0000000000000000
291,"OUTRO",1,20.0000000000000000
291,"SITE_EVENTO",2,40.0000000000000000
292,"INDICACAO",2,40.0000000000000000
292,"REDE_SOCIAL",2,40.0000000000000000
292,NULL,1,20.0000000000000000
293,"EMAIL",2,40.0000000000000000
293,"OUTRO",2,40.0000000000000000
293,"SITE_EVENTO",1,20.0000000000000000
294,"INDICACAO",2,40.0000000000000000
294,"REDE_SOCIAL",1,20.0000000000000000
294,NULL,2,40.0000000000000000
295,"EMAIL",1,20.0000000000000000
295,"OUTRO",2,40.0000000000000000
295,"SITE_EVENTO",2,40.0000000000000000
296,"INDICACAO",1,20.0000000000000000
296,"REDE_SOCIAL",2,40.0000000000000000
296,NULL,2,40.0000000000000000
297,"EMAIL",2,40.0000000000000000
297,"OUTRO",1,20.0000000000000000
297,"SITE_EVENTO",2,40.0000000000000000
298,"INDICACAO",2,40.0000000000000000
298,"REDE_SOCIAL",2,40.0000000000000000
298,NULL,1,20.0000000000000000
299,"EMAIL",2,40.0000000000000000
299,"OUTRO",2,40.0000000000000000
299,"SITE_EVENTO",1,20.0000000000000000
300,"INDICACAO",2,40.0000000000000000
300,"REDE_SOCIAL",1,20.0000000000000000
300,NULL,2,40.0000000000000000
301,"EMAIL",1,20.0000000000000000
301,"OUTRO",2,40.0000000000000000
301,"SITE_EVENTO",2,40.0000000000000000
302,"INDICACAO",1,20.0000000000000000
302,"REDE_SOCIAL",2,40.0000000000000000
302,NULL,2,40.0000000000000000
303,"EMAIL",2,40.0000000000000000
303,"OUTRO",1,20.0000000000000000
303,"SITE_EVENTO",2,40.0000000000000000
304,"INDICACAO",2,40.0000000000000000
304,"REDE_SOCIAL",2,40.0000000000000000
304,NULL,1,20.0000000000000000
305,"EMAIL",2,40.0000000000000000
305,"OUTRO",2,40.0000000000000000
305,"SITE_EVENTO",1,20.0000000000000000
306,"INDICACAO",2,40.0000000000000000
306,"REDE_SOCIAL",1,20.0000000000000000
306,NULL,2,40.0000000000000000
307,"EMAIL",1,20.0000000000000000
307,"OUTRO",2,40.0000000000000000
307,"SITE_EVENTO",2,40.0000000000000000
308,"INDICACAO",1,20.0000000000000000
308,"REDE_SOCIAL",2,40.0000000000000000
308,NULL,2,40.0000000000000000
309,"EMAIL",2,40.0000000000000000
309,"OUTRO",1,20.0000000000000000
309,"SITE_EVENTO",2,40.0000000000000000
310,"INDICACAO",2,40.0000000000000000
310,"REDE_SOCIAL",2,40.0000000000000000
310,NULL,1,20.0000000000000000
311,"EMAIL",2,40.0000000000000000
311,"OUTRO",2,40.0000000000000000
311,"SITE_EVENTO",1,20.0000000000000000
312,"INDICACAO",2,40.0000000000000000
312,"REDE_SOCIAL",1,20.0000000000000000
312,NULL,2,40.0000000000000000
313,"EMAIL",1,20.0000000000000000
313,"OUTRO",2,40.0000000000000000
313,"SITE_EVENTO",2,40.0000000000000000
314,"INDICACAO",1,20.0000000000000000
314,"REDE_SOCIAL",2,40.0000000000000000
314,NULL,2,40.0000000000000000
315,"EMAIL",2,40.0000000000000000
315,"OUTRO",1,20.0000000000000000
315,"SITE_EVENTO",2,40.0000000000000000
316,"INDICACAO",2,40.0000000000000000
316,"REDE_SOCIAL",2,40.0000000000000000
316,NULL,1,20.0000000000000000
317,"EMAIL",2,40.0000000000000000
317,"OUTRO",2,40.0000000000000000
317,"SITE_EVENTO",1,20.0000000000000000
318,"INDICACAO",2,40.0000000000000000
318,"REDE_SOCIAL",1,20.0000000000000000
318,NULL,2,40.0000000000000000
319,"EMAIL",1,20.0000000000000000
319,"OUTRO",2,40.0000000000000000
319,"SITE_EVENTO",2,40.0000000000000000
320,"INDICACAO",1,20.0000000000000000
320,"REDE_SOCIAL",2,40.0000000000000000
320,NULL,2,40.0000000000000000
321,"EMAIL",2,40.0000000000000000
321,"OUTRO",1,20.0000000000000000
321,"SITE_EVENTO",2,40.0000000000000000
322,"INDICACAO",2,40.0000000000000000
322,"REDE_SOCIAL",2,40.0000000000000000
322,NULL,1,20.0000000000000000
323,"EMAIL",2,40.0000000000000000
323,"OUTRO",2,40.0000000000000000
323,"SITE_EVENTO",1,20.0000000000000000
324,"INDICACAO",2,40.0000000000000000
324,"REDE_SOCIAL",1,20.0000000000000000
324,NULL,2,40.0000000000000000
325,"EMAIL",1,20.0000000000000000
325,"OUTRO",2,40.0000000000000000
325,"SITE_EVENTO",2,40.0000000000000000
326,"INDICACAO",1,20.0000000000000000
326,"REDE_SOCIAL",2,40.0000000000000000
326,NULL,2,40.0000000000000000
327,"EMAIL",2,40.0000000000000000
327,"OUTRO",1,20.0000000000000000
327,"SITE_EVENTO",2,40.0000000000000000
328,"INDICACAO",2,40.0000000000000000
328,"REDE_SOCIAL",2,40.0000000000000000
328,NULL,1,20.0000000000000000
329,"EMAIL",2,40.0000000000000000
329,"OUTRO",2,40.0000000000000000
329,"SITE_EVENTO",1,20.0000000000000000
330,"INDICACAO",2,40.0000000000000000
330,"REDE_SOCIAL",1,20.0000000000000000
330,NULL,2,40.0000000000000000
331,"EMAIL",1,20.0000000000000000
331,"OUTRO",2,40.0000000000000000
331,"SITE_EVENTO",2,40.0000000000000000
332,"INDICACAO",1,20.0000000000000000
332,"REDE_SOCIAL",2,40.0000000000000000
332,NULL,2,40.0000000000000000
333,"EMAIL",2,40.0000000000000000
333,"OUTRO",1,20.0000000000000000
333,"SITE_EVENTO",2,40.0000000000000000
334,"INDICACAO",2,40.0000000000000000
334,"REDE_SOCIAL",2,40.0000000000000000
334,NULL,1,20.0000000000000000
335,"EMAIL",2,40.0000000000000000
335,"OUTRO",2,40.0000000000000000
335,"SITE_EVENTO",1,20.0000000000000000
336,"INDICACAO",2,40.0000000000000000
336,"REDE_SOCIAL",1,20.0000000000000000
336,NULL,2,40.0000000000000000
337,"EMAIL",1,20.0000000000000000
337,"OUTRO",2,40.0000000000000000
337,"SITE_EVENTO",2,40.0000000000000000
338,"INDICACAO",1,20.0000000000000000
338,"REDE_SOCIAL",2,40.0000000000000000
338,NULL,2,40.0000000000000000
339,"EMAIL",2,40.0000000000000000
339,"OUTRO",1,20.0000000000000000
339,"SITE_EVENTO",2,40.0000000000000000
340,"INDICACAO",2,40.0000000000000000
340,"REDE_SOCIAL",2,40.0000000000000000
340,NULL,1,20.0000000000000000
341,"EMAIL",2,40.0000000000000000
341,"OUTRO",2,40.0000000000000000
341,"SITE_EVENTO",1,20.0000000000000000
342,"INDICACAO",2,40.0000000000000000
342,"REDE_SOCIAL",1,20.0000000000000000
342,NULL,2,40.0000000000000000
343,"EMAIL",1,20.0000000000000000
343,"OUTRO",2,40.0000000000000000
343,"SITE_EVENTO",2,40.0000000000000000
344,"INDICACAO",1,20.0000000000000000
344,"REDE_SOCIAL",2,40.0000000000000000
344,NULL,2,40.0000000000000000
345,"EMAIL",2,40.0000000000000000
345,"OUTRO",1,20.0000000000000000
345,"SITE_EVENTO",2,40.0000000000000000
346,"INDICACAO",2,40.0000000000000000
346,"REDE_SOCIAL",2,40.0000000000000000
346,NULL,1,20.0000000000000000
347,"EMAIL",2,40.0000000000000000
347,"OUTRO",2,40.0000000000000000
347,"SITE_EVENTO",1,20.0000000000000000
348,"INDICACAO",2,40.0000000000000000
348,"REDE_SOCIAL",1,20.0000000000000000
348,NULL,2,40.0000000000000000
349,"EMAIL",1,20.0000000000000000
349,"OUTRO",2,40.0000000000000000
349,"SITE_EVENTO",2,40.0000000000000000
350,"INDICACAO",1,20.0000000000000000
350,"REDE_SOCIAL",2,40.0000000000000000
350,NULL,2,40.0000000000000000
351,"EMAIL",2,40.0000000000000000
351,"OUTRO",1,20.0000000000000000
351,"SITE_EVENTO",2,40.0000000000000000
352,"INDICACAO",2,40.0000000000000000
352,"REDE_SOCIAL",2,40.0000000000000000
352,NULL,1,20.0000000000000000
353,"EMAIL",2,40.0000000000000000
353,"OUTRO",2,40.0000000000000000
353,"SITE_EVENTO",1,20.0000000000000000
354,"INDICACAO",2,40.0000000000000000
354,"REDE_SOCIAL",1,20.0000000000000000
354,NULL,2,40.0000000000000000
355,"EMAIL",1,20.0000000000000000
355,"OUTRO",2,40.0000000000000000
355,"SITE_EVENTO",2,40.0000000000000000
356,"INDICACAO",1,20.0000000000000000
356,"REDE_SOCIAL",2,40.0000000000000000
356,NULL,2,40.0000000000000000
357,"EMAIL",2,40.0000000000000000
357,"OUTRO",1,20.0000000000000000
357,"SITE_EVENTO",2,40.0000000000000000
358,"INDICACAO",2,40.0000000000000000
358,"REDE_SOCIAL",2,40.0000000000000000
358,NULL,1,20.0000000000000000
359,"EMAIL",2,40.0000000000000000
359,"OUTRO",2,40.0000000000000000
359,"SITE_EVENTO",1,20.0000000000000000
360,"INDICACAO",2,40.0000000000000000
360,"REDE_SOCIAL",1,20.0000000000000000
360,NULL,2,40.0000000000000000
361,"EMAIL",1,20.0000000000000000
361,"OUTRO",2,40.0000000000000000
361,"SITE_EVENTO",2,40.0000000000000000
362,"INDICACAO",1,20.0000000000000000
362,"REDE_SOCIAL",2,40.0000000000000000
362,NULL,2,40.0000000000000000
363,"EMAIL",2,40.0000000000000000
363,"OUTRO",1,20.0000000000000000
363,"SITE_EVENTO",2,40.0000000000000000
364,"INDICACAO",2,40.0000000000000000
364,"REDE_SOCIAL",2,40.0000000000000000
364,NULL,1,20.0000000000000000
365,"EMAIL",2,40.0000000000000000
365,"OUTRO",2,40.0000000000000000
365,"SITE_EVENTO",1,20.0000000000000000
366,"INDICACAO",2,40.0000000000000000
366,"REDE_SOCIAL",1,20.0000000000000000
366,NULL,2,40.0000000000000000
367,"EMAIL",1,20.0000000000000000
367,"OUTRO",2,40.0000000000000000
367,"SITE_EVENTO",2,40.0000000000000000
368,"INDICACAO",1,20.0000000000000000
368,"REDE_SOCIAL",2,40.0000000000000000
368,NULL,2,40.0000000000000000
369,"EMAIL",2,40.0000000000000000
369,"OUTRO",1,20.0000000000000000
369,"SITE_EVENTO",2,40.0000000000000000
370,"INDICACAO",2,40.0000000000000000
370,"REDE_SOCIAL",2,40.0000000000000000
370,NULL,1,20.0000000000000000
371,"EMAIL",2,40.0000000000000000
371,"OUTRO",2,40.0000000000000000
371,"SITE_EVENTO",1,20.0000000000000000
372,"INDICACAO",2,40.0000000000000000
372,"REDE_SOCIAL",1,20.0000000000000000
372,NULL,2,40.0000000000000000
373,"EMAIL",1,20.0000000000000000
373,"OUTRO",2,40.0000000000000000
373,"SITE_EVENTO",2,40.0000000000000000
374,"INDICACAO",1,20.0000000000000000
374,"REDE_SOCIAL",2,40.0000000000000000
374,NULL,2,40.0000000000000000
375,"EMAIL",2,40.0000000000000000
375,"OUTRO",1,20.0000000000000000
375,"SITE_EVENTO",2,40.0000000000000000
376,"INDICACAO",2,40.0000000000000000
376,"REDE_SOCIAL",2,40.0000000000000000
376,NULL,1,20.0000000000000000
377,"EMAIL",2,40.0000000000000000
377,"OUTRO",2,40.0000000000000000
377,"SITE_EVENTO",1,20.0000000000000000
378,"INDICACAO",2,40.0000000000000000
378,"REDE_SOCIAL",1,20.0000000000000000
378,NULL,2,40.0000000000000000
379,"EMAIL",1,20.0000000000000000
379,"OUTRO",2,40.0000000000000000
379,"SITE_EVENTO",2,40.0000000000000000
380,"INDICACAO",1,20.0000000000000000
380,"REDE_SOCIAL",2,40.0000000000000000
380,NULL,2,40.0000000000000000
381,"EMAIL",2,40.0000000000000000
381,"OUTRO",1,20.0000000000000000
381,"SITE_EVENTO",2,40.0000000000000000
382,"INDICACAO",2,40.0000000000000000
382,"REDE_SOCIAL",2,40.0000000000000000
382,NULL,1,20.0000000000000000
383,"EMAIL",2,40.0000000000000000
383,"OUTRO",2,40.0000000000000000
383,"SITE_EVENTO",1,20.0000000000000000
384,"INDICACAO",2,40.0000000000000000
384,"REDE_SOCIAL",1,20.0000000000000000
384,NULL,2,40.0000000000000000
385,"EMAIL",1,20.0000000000000000
385,"OUTRO",2,40.0000000000000000
385,"SITE_EVENTO",2,40.0000000000000000
386,"INDICACAO",1,20.0000000000000000
386,"REDE_SOCIAL",2,40.0000000000000000
386,NULL,2,40.0000000000000000
387,"EMAIL",2,40.0000000000000000
387,"OUTRO",1,20.0000000000000000
387,"SITE_EVENTO",2,40.0000000000000000
388,"INDICACAO",2,40.0000000000000000
388,"REDE_SOCIAL",2,40.0000000000000000
388,NULL,1,20.0000000000000000
389,"EMAIL",2,40.0000000000000000
389,"OUTRO",2,40.0000000000000000
389,"SITE_EVENTO",1,20.0000000000000000
390,"INDICACAO",2,40.0000000000000000
390,"REDE_SOCIAL",1,20.0000000000000000
390,NULL,2,40.0000000000000000
391,"EMAIL",1,20.0000000000000000
391,"OUTRO",2,40.0000000000000000
391,"SITE_EVENTO",2,40.0000000000000000
392,"INDICACAO",1,20.0000000000000000
392,"REDE_SOCIAL",2,40.0000000000000000
392,NULL,2,40.0000000000000000
393,"EMAIL",2,40.0000000000000000
393,"OUTRO",1,20.0000000000000000
393,"SITE_EVENTO",2,40.0000000000000000
394,"INDICACAO",2,40.0000000000000000
394,"REDE_SOCIAL",2,40.0000000000000000
394,NULL,1,20.0000000000000000
395,"EMAIL",2,40.0000000000000000
395,"OUTRO",2,40.0000000000000000
395,"SITE_EVENTO",1,20.0000000000000000
396,"INDICACAO",2,40.0000000000000000
396,"REDE_SOCIAL",1,20.0000000000000000
396,NULL,2,40.0000000000000000
397,"EMAIL",1,20.0000000000000000
397,"OUTRO",2,40.0000000000000000
397,"SITE_EVENTO",2,40.0000000000000000
398,"INDICACAO",1,20.0000000000000000
398,"REDE_SOCIAL",2,40.0000000000000000
398,NULL,2,40.0000000000000000
399,"EMAIL",2,40.0000000000000000
399,"OUTRO",1,20.0000000000000000
399,"SITE_EVENTO",2,40.0000000000000000
400,"INDICACAO",2,40.0000000000000000
400,"REDE_SOCIAL",2,40.0000000000000000
400,NULL,1,20.0000000000000000
401,"EMAIL",2,40.0000000000000000
401,"OUTRO",2,40.0000000000000000
401,"SITE_EVENTO",1,20.0000000000000000
402,"INDICACAO",2,40.0000000000000000
402,"REDE_SOCIAL",1,20.0000000000000000
402,NULL,2,40.0000000000000000
403,"EMAIL",1,20.0000000000000000
403,"OUTRO",2,40.0000000000000000
403,"SITE_EVENTO",2,40.0000000000000000
404,"INDICACAO",1,20.0000000000000000
404,"REDE_SOCIAL",2,40.0000000000000000
404,NULL,2,40.0000000000000000
405,"EMAIL",2,40.0000000000000000
405,"OUTRO",1,20.0000000000000000
405,"SITE_EVENTO",2,40.0000000000000000
406,"INDICACAO",2,40.0000000000000000
406,"REDE_SOCIAL",2,40.0000000000000000
406,NULL,1,20.0000000000000000
407,"EMAIL",2,40.0000000000000000
407,"OUTRO",2,40.0000000000000000
407,"SITE_EVENTO",1,20.0000000000000000
408,"INDICACAO",2,40.0000000000000000
408,"REDE_SOCIAL",1,20.0000000000000000
408,NULL,2,40.0000000000000000
409,"EMAIL",1,20.0000000000000000
409,"OUTRO",2,40.0000000000000000
409,"SITE_EVENTO",2,40.0000000000000000
410,"INDICACAO",1,20.0000000000000000
410,"REDE_SOCIAL",2,40.0000000000000000
410,NULL,2,40.0000000000000000
411,"EMAIL",2,40.0000000000000000
411,"OUTRO",1,20.0000000000000000
411,"SITE_EVENTO",2,40.0000000000000000
412,"INDICACAO",2,40.0000000000000000
412,"REDE_SOCIAL",2,40.0000000000000000
412,NULL,1,20.0000000000000000
413,"EMAIL",2,40.0000000000000000
413,"OUTRO",2,40.0000000000000000
413,"SITE_EVENTO",1,20.0000000000000000
414,"INDICACAO",2,40.0000000000000000
414,"REDE_SOCIAL",1,20.0000000000000000
414,NULL,2,40.0000000000000000
415,"EMAIL",1,20.0000000000000000
415,"OUTRO",2,40.0000000000000000
415,"SITE_EVENTO",2,40.0000000000000000
416,"INDICACAO",1,20.0000000000000000
416,"REDE_SOCIAL",2,40.0000000000000000
416,NULL,2,40.0000000000000000
417,"EMAIL",2,40.0000000000000000
417,"OUTRO",1,20.0000000000000000
417,"SITE_EVENTO",2,40.0000000000000000
418,"INDICACAO",2,40.0000000000000000
418,"REDE_SOCIAL",2,40.0000000000000000
418,NULL,1,20.0000000000000000
419,"EMAIL",2,40.0000000000000000
419,"OUTRO",2,40.0000000000000000
419,"SITE_EVENTO",1,20.0000000000000000
420,"INDICACAO",2,40.0000000000000000
420,"REDE_SOCIAL",1,20.0000000000000000
420,NULL,2,40.0000000000000000
421,"EMAIL",1,20.0000000000000000
421,"OUTRO",2,40.0000000000000000
421,"SITE_EVENTO",2,40.0000000000000000
422,"INDICACAO",1,20.0000000000000000
422,"REDE_SOCIAL",2,40.0000000000000000
422,NULL,2,40.0000000000000000
423,"EMAIL",2,40.0000000000000000
423,"OUTRO",1,20.0000000000000000
423,"SITE_EVENTO",2,40.0000000000000000
424,"INDICACAO",2,40.0000000000000000
424,"REDE_SOCIAL",2,40.0000000000000000
424,NULL,1,20.0000000000000000
425,"EMAIL",2,40.0000000000000000
425,"OUTRO",2,40.0000000000000000
425,"SITE_EVENTO",1,20.0000000000000000
426,"INDICACAO",2,40.0000000000000000
426,"REDE_SOCIAL",1,20.0000000000000000
426,NULL,2,40.0000000000000000
427,"EMAIL",1,20.0000000000000000
427,"OUTRO",2,40.0000000000000000
427,"SITE_EVENTO",2,40.0000000000000000
428,"INDICACAO",1,20.0000000000000000
428,"REDE_SOCIAL",2,40.0000000000000000
428,NULL,2,40.0000000000000000
429,"EMAIL",2,40.0000000000000000
429,"OUTRO",1,20.0000000000000000
429,"SITE_EVENTO",2,40.0000000000000000
430,"INDICACAO",2,40.0000000000000000
430,"REDE_SOCIAL",2,40.0000000000000000
430,NULL,1,20.0000000000000000
431,"EMAIL",2,40.0000000000000000
431,"OUTRO",2,40.0000000000000000
431,"SITE_EVENTO",1,20.0000000000000000
432,"INDICACAO",2,40.0000000000000000
432,"REDE_SOCIAL",1,20.0000000000000000
432,NULL,2,40.0000000000000000
433,"EMAIL",1,20.0000000000000000
433,"OUTRO",2,40.0000000000000000
433,"SITE_EVENTO",2,40.0000000000000000
434,"INDICACAO",1,20.0000000000000000
434,"REDE_SOCIAL",2,40.0000000000000000
434,NULL,2,40.0000000000000000
435,"EMAIL",2,40.0000000000000000
435,"OUTRO",1,20.0000000000000000
435,"SITE_EVENTO",2,40.0000000000000000
436,"INDICACAO",2,40.0000000000000000
436,"REDE_SOCIAL",2,40.0000000000000000
436,NULL,1,20.0000000000000000
437,"EMAIL",2,40.0000000000000000
437,"OUTRO",2,40.0000000000000000
437,"SITE_EVENTO",1,20.0000000000000000
438,"INDICACAO",2,40.0000000000000000
438,"REDE_SOCIAL",1,20.0000000000000000
438,NULL,2,40.0000000000000000
439,"EMAIL",1,20.0000000000000000
439,"OUTRO",2,40.0000000000000000
439,"SITE_EVENTO",2,40.0000000000000000
440,"INDICACAO",1,20.0000000000000000
440,"REDE_SOCIAL",2,40.0000000000000000
440,NULL,2,40.0000000000000000
441,"EMAIL",2,40.0000000000000000
441,"OUTRO",1,20.0000000000000000
441,"SITE_EVENTO",2,40.0000000000000000
442,"INDICACAO",2,40.0000000000000000
442,"REDE_SOCIAL",2,40.0000000000000000
442,NULL,1,20.0000000000000000
443,"EMAIL",2,40.0000000000000000
443,"OUTRO",2,40.0000000000000000
443,"SITE_EVENTO",1,20.0000000000000000
444,"INDICACAO",2,40.0000000000000000
444,"REDE_SOCIAL",1,20.0000000000000000
444,NULL,2,40.0000000000000000
445,"EMAIL",1,20.0000000000000000
445,"OUTRO",2,40.0000000000000000
445,"SITE_EVENTO",2,40.0000000000000000
446,"INDICACAO",1,20.0000000000000000
446,"REDE_SOCIAL",2,40.0000000000000000
446,NULL,2,40.0000000000000000
447,"EMAIL",2,40.0000000000000000
447,"OUTRO",1,20.0000000000000000
447,"SITE_EVENTO",2,40.0000000000000000
448,"INDICACAO",2,40.0000000000000000
448,"REDE_SOCIAL",2,40.0000000000000000
448,NULL,1,20.0000000000000000
449,"EMAIL",2,40.0000000000000000
449,"OUTRO",2,40.0000000000000000
449,"SITE_EVENTO",1,20.0000000000000000
450,"INDICACAO",2,40.0000000000000000
450,"REDE_SOCIAL",1,20.0000000000000000
450,NULL,2,40.0000000000000000
451,"EMAIL",1,20.0000000000000000
451,"OUTRO",2,40.0000000000000000
451,"SITE_EVENTO",2,40.0000000000000000
452,"INDICACAO",1,20.0000000000000000
452,"REDE_SOCIAL",2,40.0000000000000000
452,NULL,2,40.0000000000000000
453,"EMAIL",2,40.0000000000000000
453,"OUTRO",1,20.0000000000000000
453,"SITE_EVENTO",2,40.0000000000000000
454,"INDICACAO",2,40.0000000000000000
454,"REDE_SOCIAL",2,40.0000000000000000
454,NULL,1,20.0000000000000000
455,"EMAIL",2,40.0000000000000000
455,"OUTRO",2,40.0000000000000000
455,"SITE_EVENTO",1,20.0000000000000000
456,"INDICACAO",2,40.0000000000000000
456,"REDE_SOCIAL",1,20.0000000000000000
456,NULL,2,40.0000000000000000
457,"EMAIL",1,20.0000000000000000
457,"OUTRO",2,40.0000000000000000
457,"SITE_EVENTO",2,40.0000000000000000
458,"INDICACAO",1,20.0000000000000000
458,"REDE_SOCIAL",2,40.0000000000000000
458,NULL,2,40.0000000000000000
459,"EMAIL",2,40.0000000000000000
459,"OUTRO",1,20.0000000000000000
459,"SITE_EVENTO",2,40.0000000000000000
460,"INDICACAO",2,40.0000000000000000
460,"REDE_SOCIAL",2,40.0000000000000000
460,NULL,1,20.0000000000000000
461,"EMAIL",2,40.0000000000000000
461,"OUTRO",2,40.0000000000000000
461,"SITE_EVENTO",1,20.0000000000000000
462,"INDICACAO",2,40.0000000000000000
462,"REDE_SOCIAL",1,20.0000000000000000
462,NULL,2,40.0000000000000000
463,"EMAIL",1,20.0000000000000000
463,"OUTRO",2,40.0000000000000000
463,"SITE_EVENTO",2,40.0000000000000000
464,"INDICACAO",1,20.0000000000000000
464,"REDE_SOCIAL",2,40.0000000000000000
464,NULL,2,40.0000000000000000
465,"EMAIL",2,40.0000000000000000
465,"OUTRO",1,20.0000000000000000
465,"SITE_EVENTO",2,40.0000000000000000
466,"INDICACAO",2,40.0000000000000000
466,"REDE_SOCIAL",2,40.0000000000000000
466,NULL,1,20.0000000000000000
467,"EMAIL",2,40.0000000000000000
467,"OUTRO",2,40.0000000000000000
467,"SITE_EVENTO",1,20.0000000000000000
468,"INDICACAO",2,40.0000000000000000
468,"REDE_SOCIAL",1,20.0000000000000000
468,NULL,2,40.0000000000000000
469,"EMAIL",1,20.0000000000000000
469,"OUTRO",2,40.0000000000000000
469,"SITE_EVENTO",2,40.0000000000000000
470,"INDICACAO",1,20.0000000000000000
470,"REDE_SOCIAL",2,40.0000000000000000
470,NULL,2,40.0000000000000000
471,"EMAIL",2,40.0000000000000000
471,"OUTRO",1,20.0000000000000000
471,"SITE_EVENTO",2,40.0000000000000000
472,"INDICACAO",2,40.0000000000000000
472,"REDE_SOCIAL",2,40.0000000000000000
472,NULL,1,20.0000000000000000
473,"EMAIL",2,40.0000000000000000
473,"OUTRO",2,40.0000000000000000
473,"SITE_EVENTO",1,20.0000000000000000
474,"INDICACAO",2,40.0000000000000000
474,"REDE_SOCIAL",1,20.0000000000000000
474,NULL,2,40.0000000000000000
475,"EMAIL",1,20.0000000000000000
475,"OUTRO",2,40.0000000000000000
475,"SITE_EVENTO",2,40.0000000000000000
476,"INDICACAO",1,20.0000000000000000
476,"REDE_SOCIAL",2,40.0000000000000000
476,NULL,2,40.0000000000000000
477,"EMAIL",2,40.0000000000000000
477,"OUTRO",1,20.0000000000000000
477,"SITE_EVENTO",2,40.0000000000000000
478,"INDICACAO",2,40.0000000000000000
478,"REDE_SOCIAL",2,40.0000000000000000
478,NULL,1,20.0000000000000000
479,"EMAIL",2,40.0000000000000000
479,"OUTRO",2,40.0000000000000000
479,"SITE_EVENTO",1,20.0000000000000000
480,"INDICACAO",2,40.0000000000000000
480,"REDE_SOCIAL",1,20.0000000000000000
480,NULL,2,40.0000000000000000
481,"EMAIL",1,20.0000000000000000
481,"OUTRO",2,40.0000000000000000
481,"SITE_EVENTO",2,40.0000000000000000
482,"INDICACAO",1,20.0000000000000000
482,"REDE_SOCIAL",2,40.0000000000000000
482,NULL,2,40.0000000000000000
483,"EMAIL",2,40.0000000000000000
483,"OUTRO",1,20.0000000000000000
483,"SITE_EVENTO",2,40.0000000000000000
484,"INDICACAO",2,40.0000000000000000
484,"REDE_SOCIAL",2,40.0000000000000000
484,NULL,1,20.0000000000000000
485,"EMAIL",2,40.0000000000000000
485,"OUTRO",2,40.0000000000000000
485,"SITE_EVENTO",1,20.0000000000000000
486,"INDICACAO",2,40.0000000000000000
486,"REDE_SOCIAL",1,20.0000000000000000
486,NULL,2,40.0000000000000000
487,"EMAIL",1,20.0000000000000000
487,"OUTRO",2,40.0000000000000000
487,"SITE_EVENTO",2,40.0000000000000000
488,"INDICACAO",1,20.0000000000000000
488,"REDE_SOCIAL",2,40.0000000000000000
488,NULL,2,40.0000000000000000
489,"EMAIL",2,40.0000000000000000
489,"OUTRO",1,20.0000000000000000
489,"SITE_EVENTO",2,40.0000000000000000
490,"INDICACAO",2,40.0000000000000000
490,"REDE_SOCIAL",2,40.0000000000000000
490,NULL,1,20.0000000000000000
491,"EMAIL",2,40.0000000000000000
491,"OUTRO",2,40.0000000000000000
491,"SITE_EVENTO",1,20.0000000000000000
492,"INDICACAO",2,40.0000000000000000
492,"REDE_SOCIAL",1,20.0000000000000000
492,NULL,2,40.0000000000000000
493,"EMAIL",1,20.0000000000000000
493,"OUTRO",2,40.0000000000000000
493,"SITE_EVENTO",2,40.0000000000000000
494,"INDICACAO",1,20.0000000000000000
494,"REDE_SOCIAL",2,40.0000000000000000
494,NULL,2,40.0000000000000000
495,"EMAIL",2,40.0000000000000000
495,"OUTRO",1,20.0000000000000000
495,"SITE_EVENTO",2,40.0000000000000000
496,"INDICACAO",2,40.0000000000000000
496,"REDE_SOCIAL",2,40.0000000000000000
496,NULL,1,20.0000000000000000
497,"EMAIL",2,40.0000000000000000
497,"OUTRO",2,40.0000000000000000
497,"SITE_EVENTO",1,20.0000000000000000
498,"INDICACAO",2,40.0000000000000000
498,"REDE_SOCIAL",1,20.0000000000000000
498,NULL,2,40.0000000000000000
499,"EMAIL",1,20.0000000000000000
499,"OUTRO",2,40.0000000000000000
499,"SITE_EVENTO",2,40.0000000000000000
500,"INDICACAO",1,20.0000000000000000
500,"REDE_SOCIAL",2,40.0000000000000000
500,NULL,2,40.0000000000000000
501,"EMAIL",2,40.0000000000000000
501,"OUTRO",1,20.0000000000000000
501,"SITE_EVENTO",2,40.0000000000000000
502,"INDICACAO",2,40.0000000000000000
502,"REDE_SOCIAL",2,40.0000000000000000
502,NULL,1,20.0000000000000000
503,"EMAIL",2,40.0000000000000000
503,"OUTRO",2,40.0000000000000000
503,"SITE_EVENTO",1,20.0000000000000000
504,"INDICACAO",2,40.0000000000000000
504,"REDE_SOCIAL",1,20.0000000000000000
504,NULL,2,40.0000000000000000
505,"EMAIL",1,20.0000000000000000
505,"OUTRO",2,40.0000000000000000
505,"SITE_EVENTO",2,40.0000000000000000
506,"INDICACAO",1,20.0000000000000000
506,"REDE_SOCIAL",2,40.0000000000000000
506,NULL,2,40.0000000000000000
507,"EMAIL",2,40.0000000000000000
507,"OUTRO",1,20.0000000000000000
507,"SITE_EVENTO",2,40.0000000000000000
508,"INDICACAO",2,40.0000000000000000
508,"REDE_SOCIAL",2,40.0000000000000000
508,NULL,1,20.0000000000000000
509,"EMAIL",2,40.0000000000000000
509,"OUTRO",2,40.0000000000000000
509,"SITE_EVENTO",1,20.0000000000000000
510,"INDICACAO",2,40.0000000000000000
510,"REDE_SOCIAL",1,20.0000000000000000
510,NULL,2,40.0000000000000000
511,"EMAIL",1,20.0000000000000000
511,"OUTRO",2,40.0000000000000000
511,"SITE_EVENTO",2,40.0000000000000000
512,"INDICACAO",1,20.0000000000000000
512,"REDE_SOCIAL",2,40.0000000000000000
512,NULL,2,40.0000000000000000
513,"EMAIL",2,40.0000000000000000
513,"OUTRO",1,20.0000000000000000
513,"SITE_EVENTO",2,40.0000000000000000
514,"INDICACAO",2,40.0000000000000000
514,"REDE_SOCIAL",2,40.0000000000000000
514,NULL,1,20.0000000000000000
515,"EMAIL",2,40.0000000000000000
515,"OUTRO",2,40.0000000000000000
515,"SITE_EVENTO",1,20.0000000000000000
516,"INDICACAO",2,40.0000000000000000
516,"REDE_SOCIAL",1,20.0000000000000000
516,NULL,2,40.0000000000000000
517,"EMAIL",1,20.0000000000000000
517,"OUTRO",2,40.0000000000000000
517,"SITE_EVENTO",2,40.0000000000000000
518,"INDICACAO",1,20.0000000000000000
518,"REDE_SOCIAL",2,40.0000000000000000
518,NULL,2,40.0000000000000000
519,"EMAIL",2,40.0000000000000000
519,"OUTRO",1,20.0000000000000000
519,"SITE_EVENTO",2,40.0000000000000000
520,"INDICACAO",2,40.0000000000000000
520,"REDE_SOCIAL",2,40.0000000000000000
520,NULL,1,20.0000000000000000
521,"EMAIL",2,40.0000000000000000
521,"OUTRO",2,40.0000000000000000
521,"SITE_EVENTO",1,20.0000000000000000
522,"INDICACAO",2,40.0000000000000000
522,"REDE_SOCIAL",1,20.0000000000000000
522,NULL,2,40.0000000000000000
523,"EMAIL",1,20.0000000000000000
523,"OUTRO",2,40.0000000000000000
523,"SITE_EVENTO",2,40.0000000000000000
524,"INDICACAO",1,20.0000000000000000
524,"REDE_SOCIAL",2,40.0000000000000000
524,NULL,2,40.0000000000000000
525,"EMAIL",2,40.0000000000000000
525,"OUTRO",1,20.0000000000000000
525,"SITE_EVENTO",2,40.0000000000000000
526,"INDICACAO",2,40.0000000000000000
526,"REDE_SOCIAL",2,40.0000000000000000
526,NULL,1,20.0000000000000000
527,"EMAIL",2,40.0000000000000000
527,"OUTRO",2,40.0000000000000000
527,"SITE_EVENTO",1,20.0000000000000000
528,"INDICACAO",2,40.0000000000000000
528,"REDE_SOCIAL",1,20.0000000000000000
528,NULL,2,40.0000000000000000
529,"EMAIL",1,20.0000000000000000
529,"OUTRO",2,40.0000000000000000
529,"SITE_EVENTO",2,40.0000000000000000
530,"INDICACAO",1,20.0000000000000000
530,"REDE_SOCIAL",2,40.0000000000000000
530,NULL,2,40.0000000000000000
531,"EMAIL",2,40.0000000000000000
531,"OUTRO",1,20.0000000000000000
531,"SITE_EVENTO",2,40.0000000000000000
532,"INDICACAO",2,40.0000000000000000
532,"REDE_SOCIAL",2,40.0000000000000000
532,NULL,1,20.0000000000000000
533,"EMAIL",2,40.0000000000000000
533,"OUTRO",2,40.0000000000000000
533,"SITE_EVENTO",1,20.0000000000000000
534,"INDICACAO",2,40.0000000000000000
534,"REDE_SOCIAL",1,20.0000000000000000
534,NULL,2,40.0000000000000000
535,"EMAIL",1,20.0000000000000000
535,"OUTRO",2,40.0000000000000000
535,"SITE_EVENTO",2,40.0000000000000000
536,"INDICACAO",1,20.0000000000000000
536,"REDE_SOCIAL",2,40.0000000000000000
536,NULL,2,40.0000000000000000
537,"EMAIL",2,40.0000000000000000
537,"OUTRO",1,20.0000000000000000
537,"SITE_EVENTO",2,40.0000000000000000
538,"INDICACAO",2,40.0000000000000000
538,"REDE_SOCIAL",2,40.0000000000000000
538,NULL,1,20.0000000000000000
539,"EMAIL",2,40.0000000000000000
539,"OUTRO",2,40.0000000000000000
539,"SITE_EVENTO",1,20.0000000000000000
540,"INDICACAO",2,40.0000000000000000
540,"REDE_SOCIAL",1,20.0000000000000000
540,NULL,2,40.0000000000000000
541,"EMAIL",1,20.0000000000000000
541,"OUTRO",2,40.0000000000000000
541,"SITE_EVENTO",2,40.0000000000000000
542,"INDICACAO",1,20.0000000000000000
542,"REDE_SOCIAL",2,40.0000000000000000
542,NULL,2,40.0000000000000000
543,"EMAIL",2,40.0000000000000000
543,"OUTRO",1,20.0000000000000000
543,"SITE_EVENTO",2,40.0000000000000000
544,"INDICACAO",2,40.0000000000000000
544,"REDE_SOCIAL",2,40.0000000000000000
544,NULL,1,20.0000000000000000
545,"EMAIL",2,40.0000000000000000
545,"OUTRO",2,40.0000000000000000
545,"SITE_EVENTO",1,20.0000000000000000
546,"INDICACAO",2,40.0000000000000000
546,"REDE_SOCIAL",1,20.0000000000000000
546,NULL,2,40.0000000000000000
547,"EMAIL",1,20.0000000000000000
547,"OUTRO",2,40.0000000000000000
547,"SITE_EVENTO",2,40.0000000000000000
548,"INDICACAO",1,20.0000000000000000
548,"REDE_SOCIAL",2,40.0000000000000000
548,NULL,2,40.0000000000000000
549,"EMAIL",2,40.0000000000000000
549,"OUTRO",1,20.0000000000000000
549,"SITE_EVENTO",2,40.0000000000000000
550,"INDICACAO",2,40.0000000000000000
550,"REDE_SOCIAL",2,40.0000000000000000
550,NULL,1,20.0000000000000000
551,"EMAIL",2,40.0000000000000000
551,"OUTRO",2,40.0000000000000000
551,"SITE_EVENTO",1,20.0000000000000000
552,"INDICACAO",2,40.0000000000000000
552,"REDE_SOCIAL",1,20.0000000000000000
552,NULL,2,40.0000000000000000
553,"EMAIL",1,20.0000000000000000
553,"OUTRO",2,40.0000000000000000
553,"SITE_EVENTO",2,40.0000000000000000
554,"INDICACAO",1,20.0000000000000000
554,"REDE_SOCIAL",2,40.0000000000000000
554,NULL,2,40.0000000000000000
555,"EMAIL",2,40.0000000000000000
555,"OUTRO",1,20.0000000000000000
555,"SITE_EVENTO",2,40.0000000000000000
556,"INDICACAO",2,40.0000000000000000
556,"REDE_SOCIAL",2,40.0000000000000000
556,NULL,1,20.0000000000000000
557,"EMAIL",2,40.0000000000000000
557,"OUTRO",2,40.0000000000000000
557,"SITE_EVENTO",1,20.0000000000000000
558,"INDICACAO",2,40.0000000000000000
558,"REDE_SOCIAL",1,20.0000000000000000
558,NULL,2,40.0000000000000000
559,"EMAIL",1,20.0000000000000000
559,"OUTRO",2,40.0000000000000000
559,"SITE_EVENTO",2,40.0000000000000000
560,"INDICACAO",1,20.0000000000000000
560,"REDE_SOCIAL",2,40.0000000000000000
560,NULL,2,40.0000000000000000
561,"EMAIL",2,40.0000000000000000
561,"OUTRO",1,20.0000000000000000
561,"SITE_EVENTO",2,40.0000000000000000
562,"INDICACAO",2,40.0000000000000000
562,"REDE_SOCIAL",2,40.0000000000000000
562,NULL,1,20.0000000000000000
563,"EMAIL",2,40.0000000000000000
563,"OUTRO",2,40.0000000000000000
563,"SITE_EVENTO",1,20.0000000000000000
564,"INDICACAO",2,40.0000000000000000
564,"REDE_SOCIAL",1,20.0000000000000000
564,NULL,2,40.0000000000000000
565,"EMAIL",1,20.0000000000000000
565,"OUTRO",2,40.0000000000000000
565,"SITE_EVENTO",2,40.0000000000000000
566,"INDICACAO",1,20.0000000000000000
566,"REDE_SOCIAL",2,40.0000000000000000
566,NULL,2,40.0000000000000000
567,"EMAIL",2,40.0000000000000000
567,"OUTRO",1,20.0000000000000000
567,"SITE_EVENTO",2,40.0000000000000000
568,"INDICACAO",2,40.0000000000000000
568,"REDE_SOCIAL",2,40.0000000000000000
568,NULL,1,20.0000000000000000
569,"EMAIL",2,40.0000000000000000
569,"OUTRO",2,40.0000000000000000
569,"SITE_EVENTO",1,20.0000000000000000
570,"INDICACAO",2,40.0000000000000000
570,"REDE_SOCIAL",1,20.0000000000000000
570,NULL,2,40.0000000000000000
571,"EMAIL",1,20.0000000000000000
571,"OUTRO",2,40.0000000000000000
571,"SITE_EVENTO",2,40.0000000000000000
572,"INDICACAO",1,20.0000000000000000
572,"REDE_SOCIAL",2,40.0000000000000000
572,NULL,2,40.0000000000000000
573,"EMAIL",2,40.0000000000000000
573,"OUTRO",1,20.0000000000000000
573,"SITE_EVENTO",2,40.0000000000000000
574,"INDICACAO",2,40.0000000000000000
574,"REDE_SOCIAL",2,40.0000000000000000
574,NULL,1,20.0000000000000000
575,"EMAIL",2,40.0000000000000000
575,"OUTRO",2,40.0000000000000000
575,"SITE_EVENTO",1,20.0000000000000000
576,"INDICACAO",2,40.0000000000000000
576,"REDE_SOCIAL",1,20.0000000000000000
576,NULL,2,40.0000000000000000
577,"EMAIL",1,20.0000000000000000
577,"OUTRO",2,40.0000000000000000
577,"SITE_EVENTO",2,40.0000000000000000
578,"INDICACAO",1,20.0000000000000000
578,"REDE_SOCIAL",2,40.0000000000000000
578,NULL,2,40.0000000000000000
579,"EMAIL",2,40.0000000000000000
579,"OUTRO",1,20.0000000000000000
579,"SITE_EVENTO",2,40.0000000000000000
580,"INDICACAO",2,40.0000000000000000
580,"REDE_SOCIAL",2,40.0000000000000000
580,NULL,1,20.0000000000000000
581,"EMAIL",2,40.0000000000000000
581,"OUTRO",2,40.0000000000000000
581,"SITE_EVENTO",1,20.0000000000000000
582,"INDICACAO",2,40.0000000000000000
582,"REDE_SOCIAL",1,20.0000000000000000
582,NULL,2,40.0000000000000000
583,"EMAIL",1,20.0000000000000000
583,"OUTRO",2,40.0000000000000000
583,"SITE_EVENTO",2,40.0000000000000000
584,"INDICACAO",1,20.0000000000000000
584,"REDE_SOCIAL",2,40.0000000000000000
584,NULL,2,40.0000000000000000
585,"EMAIL",2,40.0000000000000000
585,"OUTRO",1,20.0000000000000000
585,"SITE_EVENTO",2,40.0000000000000000
586,"INDICACAO",2,40.0000000000000000
586,"REDE_SOCIAL",2,40.0000000000000000
586,NULL,1,20.0000000000000000
587,"EMAIL",2,40.0000000000000000
587,"OUTRO",2,40.0000000000000000
587,"SITE_EVENTO",1,20.0000000000000000
588,"INDICACAO",2,40.0000000000000000
588,"REDE_SOCIAL",1,20.0000000000000000
588,NULL,2,40.0000000000000000
589,"EMAIL",1,20.0000000000000000
589,"OUTRO",2,40.0000000000000000
589,"SITE_EVENTO",2,40.0000000000000000
590,"INDICACAO",1,20.0000000000000000
590,"REDE_SOCIAL",2,40.0000000000000000
590,NULL,2,40.0000000000000000
591,"EMAIL",2,40.0000000000000000
591,"OUTRO",1,20.0000000000000000
591,"SITE_EVENTO",2,40.0000000000000000
592,"INDICACAO",2,40.0000000000000000
592,"REDE_SOCIAL",2,40.0000000000000000
592,NULL,1,20.0000000000000000
593,"EMAIL",2,40.0000000000000000
593,"OUTRO",2,40.0000000000000000
593,"SITE_EVENTO",1,20.0000000000000000
594,"INDICACAO",2,40.0000000000000000
594,"REDE_SOCIAL",1,20.0000000000000000
594,NULL,2,40.0000000000000000
595,"EMAIL",1,20.0000000000000000
595,"OUTRO",2,40.0000000000000000
595,"SITE_EVENTO",2,40.0000000000000000
596,"INDICACAO",1,20.0000000000000000
596,"REDE_SOCIAL",2,40.0000000000000000
596,NULL,2,40.0000000000000000
597,"EMAIL",2,40.0000000000000000
597,"OUTRO",1,20.0000000000000000
597,"SITE_EVENTO",2,40.0000000000000000
598,"INDICACAO",2,40.0000000000000000
598,"REDE_SOCIAL",2,40.0000000000000000
598,NULL,1,20.0000000000000000
599,"EMAIL",2,40.0000000000000000
599,"OUTRO",2,40.0000000000000000
599,"SITE_EVENTO",1,20.0000000000000000
600,"INDICACAO",2,40.0000000000000000
600,"REDE_SOCIAL",1,20.0000000000000000
600,NULL,2,40.0000000000000000
601,"EMAIL",1,20.0000000000000000
601,"OUTRO",2,40.0000000000000000
601,"SITE_EVENTO",2,40.0000000000000000
602,"INDICACAO",1,20.0000000000000000
602,"REDE_SOCIAL",2,40.0000000000000000
602,NULL,2,40.0000000000000000
603,"EMAIL",2,40.0000000000000000
603,"OUTRO",1,20.0000000000000000
603,"SITE_EVENTO",2,40.0000000000000000
604,"INDICACAO",2,40.0000000000000000
604,"REDE_SOCIAL",2,40.0000000000000000
604,NULL,1,20.0000000000000000
605,"EMAIL",2,40.0000000000000000
605,"OUTRO",2,40.0000000000000000
605,"SITE_EVENTO",1,20.0000000000000000
606,"INDICACAO",2,40.0000000000000000
606,"REDE_SOCIAL",1,20.0000000000000000
606,NULL,2,40.0000000000000000
607,"EMAIL",1,20.0000000000000000
607,"OUTRO",2,40.0000000000000000
607,"SITE_EVENTO",2,40.0000000000000000
608,"INDICACAO",1,20.0000000000000000
608,"REDE_SOCIAL",2,40.0000000000000000
608,NULL,2,40.0000000000000000
609,"EMAIL",2,40.0000000000000000
609,"OUTRO",1,20.0000000000000000
609,"SITE_EVENTO",2,40.0000000000000000
610,"INDICACAO",2,40.0000000000000000
610,"REDE_SOCIAL",2,40.0000000000000000
610,NULL,1,20.0000000000000000
611,"EMAIL",2,40.0000000000000000
611,"OUTRO",2,40.0000000000000000
611,"SITE_EVENTO",1,20.0000000000000000
612,"INDICACAO",2,40.0000000000000000
612,"REDE_SOCIAL",1,20.0000000000000000
612,NULL,2,40.0000000000000000
613,"EMAIL",1,20.0000000000000000
613,"OUTRO",2,40.0000000000000000
613,"SITE_EVENTO",2,40.0000000000000000
614,"INDICACAO",1,20.0000000000000000
614,"REDE_SOCIAL",2,40.0000000000000000
614,NULL,2,40.0000000000000000
615,"EMAIL",2,40.0000000000000000
615,"OUTRO",1,20.0000000000000000
615,"SITE_EVENTO",2,40.0000000000000000
616,"INDICACAO",2,40.0000000000000000
616,"REDE_SOCIAL",2,40.0000000000000000
616,NULL,1,20.0000000000000000
617,"EMAIL",2,40.0000000000000000
617,"OUTRO",2,40.0000000000000000
617,"SITE_EVENTO",1,20.0000000000000000
618,"INDICACAO",2,40.0000000000000000
618,"REDE_SOCIAL",1,20.0000000000000000
618,NULL,2,40.0000000000000000
619,"EMAIL",1,20.0000000000000000
619,"OUTRO",2,40.0000000000000000
619,"SITE_EVENTO",2,40.0000000000000000
620,"INDICACAO",1,20.0000000000000000
620,"REDE_SOCIAL",2,40.0000000000000000
620,NULL,2,40.0000000000000000
621,"EMAIL",2,40.0000000000000000
621,"OUTRO",1,20.0000000000000000
621,"SITE_EVENTO",2,40.0000000000000000
622,"INDICACAO",2,40.0000000000000000
622,"REDE_SOCIAL",2,40.0000000000000000
622,NULL,1,20.0000000000000000
623,"EMAIL",2,40.0000000000000000
623,"OUTRO",2,40.0000000000000000
623,"SITE_EVENTO",1,20.0000000000000000
624,"INDICACAO",2,40.0000000000000000
624,"REDE_SOCIAL",1,20.0000000000000000
624,NULL,2,40.0000000000000000
625,"EMAIL",1,20.0000000000000000
625,"OUTRO",2,40.0000000000000000
625,"SITE_EVENTO",2,40.0000000000000000
626,"INDICACAO",1,20.0000000000000000
626,"REDE_SOCIAL",2,40.0000000000000000
626,NULL,2,40.0000000000000000
627,"EMAIL",2,40.0000000000000000
627,"OUTRO",1,20.0000000000000000
627,"SITE_EVENTO",2,40.0000000000000000
628,"INDICACAO",2,40.0000000000000000
628,"REDE_SOCIAL",2,40.0000000000000000
628,NULL,1,20.0000000000000000
629,"EMAIL",2,40.0000000000000000
629,"OUTRO",2,40.0000000000000000
629,"SITE_EVENTO",1,20.0000000000000000
630,"INDICACAO",2,40.0000000000000000
630,"REDE_SOCIAL",1,20.0000000000000000
630,NULL,2,40.0000000000000000
631,"EMAIL",1,20.0000000000000000
631,"OUTRO",2,40.0000000000000000
631,"SITE_EVENTO",2,40.0000000000000000
632,"INDICACAO",1,20.0000000000000000
632,"REDE_SOCIAL",2,40.0000000000000000
632,NULL,2,40.0000000000000000
633,"EMAIL",2,40.0000000000000000
633,"OUTRO",1,20.0000000000000000
633,"SITE_EVENTO",2,40.0000000000000000
634,"INDICACAO",2,40.0000000000000000
634,"REDE_SOCIAL",2,40.0000000000000000
634,NULL,1,20.0000000000000000
635,"EMAIL",2,40.0000000000000000
635,"OUTRO",2,40.0000000000000000
635,"SITE_EVENTO",1,20.0000000000000000
636,"INDICACAO",2,40.0000000000000000
636,"REDE_SOCIAL",1,20.0000000000000000
636,NULL,2,40.0000000000000000
637,"EMAIL",1,20.0000000000000000
637,"OUTRO",2,40.0000000000000000
637,"SITE_EVENTO",2,40.0000000000000000
638,"INDICACAO",1,20.0000000000000000
638,"REDE_SOCIAL",2,40.0000000000000000
638,NULL,2,40.0000000000000000
639,"EMAIL",2,40.0000000000000000
639,"OUTRO",1,20.0000000000000000
639,"SITE_EVENTO",2,40.0000000000000000
640,"INDICACAO",2,40.0000000000000000
640,"REDE_SOCIAL",2,40.0000000000000000
640,NULL,1,20.0000000000000000
641,"EMAIL",2,40.0000000000000000
641,"OUTRO",2,40.0000000000000000
641,"SITE_EVENTO",1,20.0000000000000000
642,"INDICACAO",2,40.0000000000000000
642,"REDE_SOCIAL",1,20.0000000000000000
642,NULL,2,40.0000000000000000
643,"EMAIL",1,20.0000000000000000
643,"OUTRO",2,40.0000000000000000
643,"SITE_EVENTO",2,40.0000000000000000
644,"INDICACAO",1,20.0000000000000000
644,"REDE_SOCIAL",2,40.0000000000000000
644,NULL,2,40.0000000000000000
645,"EMAIL",2,40.0000000000000000
645,"OUTRO",1,20.0000000000000000
645,"SITE_EVENTO",2,40.0000000000000000
646,"INDICACAO",2,40.0000000000000000
646,"REDE_SOCIAL",2,40.0000000000000000
646,NULL,1,20.0000000000000000
647,"EMAIL",2,40.0000000000000000
647,"OUTRO",2,40.0000000000000000
647,"SITE_EVENTO",1,20.0000000000000000
648,"INDICACAO",2,40.0000000000000000
648,"REDE_SOCIAL",1,20.0000000000000000
648,NULL,2,40.0000000000000000
649,"EMAIL",1,20.0000000000000000
649,"OUTRO",2,40.0000000000000000
649,"SITE_EVENTO",2,40.0000000000000000
650,"INDICACAO",1,20.0000000000000000
650,"REDE_SOCIAL",2,40.0000000000000000
650,NULL,2,40.0000000000000000
651,"EMAIL",2,40.0000000000000000
651,"OUTRO",1,20.0000000000000000
651,"SITE_EVENTO",2,40.0000000000000000
652,"INDICACAO",2,40.0000000000000000
652,"REDE_SOCIAL",2,40.0000000000000000
652,NULL,1,20.0000000000000000
653,"EMAIL",2,40.0000000000000000
653,"OUTRO",2,40.0000000000000000
653,"SITE_EVENTO",1,20.0000000000000000
654,"INDICACAO",2,40.0000000000000000
654,"REDE_SOCIAL",1,20.0000000000000000
654,NULL,2,40.0000000000000000
655,"EMAIL",1,20.0000000000000000
655,"OUTRO",2,40.0000000000000000
655,"SITE_EVENTO",2,40.0000000000000000
656,"INDICACAO",1,20.0000000000000000
656,"REDE_SOCIAL",2,40.0000000000000000
656,NULL,2,40.0000000000000000
657,"EMAIL",2,40.0000000000000000
657,"OUTRO",1,20.0000000000000000
657,"SITE_EVENTO",2,40.0000000000000000
658,"INDICACAO",2,40.0000000000000000
658,"REDE_SOCIAL",2,40.0000000000000000
658,NULL,1,20.0000000000000000
659,"EMAIL",2,40.0000000000000000
659,"OUTRO",2,40.0000000000000000
659,"SITE_EVENTO",1,20.0000000000000000
660,"INDICACAO",2,40.0000000000000000
660,"REDE_SOCIAL",1,20.0000000000000000
660,NULL,2,40.0000000000000000
661,"EMAIL",1,20.0000000000000000
661,"OUTRO",2,40.0000000000000000
661,"SITE_EVENTO",2,40.0000000000000000
662,"INDICACAO",1,20.0000000000000000
662,"REDE_SOCIAL",2,40.0000000000000000
662,NULL,2,40.0000000000000000
663,"EMAIL",2,40.0000000000000000
663,"OUTRO",1,20.0000000000000000
663,"SITE_EVENTO",2,40.0000000000000000
664,"INDICACAO",2,40.0000000000000000
664,"REDE_SOCIAL",2,40.0000000000000000
664,NULL,1,20.0000000000000000
665,"EMAIL",2,40.0000000000000000
665,"OUTRO",2,40.0000000000000000
665,"SITE_EVENTO",1,20.0000000000000000
666,"INDICACAO",2,40.0000000000000000
666,"REDE_SOCIAL",1,20.0000000000000000
666,NULL,2,40.0000000000000000
667,"EMAIL",1,20.0000000000000000
667,"OUTRO",2,40.0000000000000000
667,"SITE_EVENTO",2,40.0000000000000000
668,"INDICACAO",1,20.0000000000000000
668,"REDE_SOCIAL",2,40.0000000000000000
668,NULL,2,40.0000000000000000
669,"EMAIL",2,40.0000000000000000
669,"OUTRO",1,20.0000000000000000
669,"SITE_EVENTO",2,40.0000000000000000
670,"INDICACAO",2,40.0000000000000000
670,"REDE_SOCIAL",2,40.0000000000000000
670,NULL,1,20.0000000000000000
671,"EMAIL",2,40.0000000000000000
671,"OUTRO",2,40.0000000000000000
671,"SITE_EVENTO",1,20.0000000000000000
672,"INDICACAO",2,40.0000000000000000
672,"REDE_SOCIAL",1,20.0000000000000000
672,NULL,2,40.0000000000000000
673,"EMAIL",1,20.0000000000000000
673,"OUTRO",2,40.0000000000000000
673,"SITE_EVENTO",2,40.0000000000000000
674,"INDICACAO",1,20.0000000000000000
674,"REDE_SOCIAL",2,40.0000000000000000
674,NULL,2,40.0000000000000000
675,"EMAIL",2,40.0000000000000000
675,"OUTRO",1,20.0000000000000000
675,"SITE_EVENTO",2,40.0000000000000000
676,"INDICACAO",2,40.0000000000000000
676,"REDE_SOCIAL",2,40.0000000000000000
676,NULL,1,20.0000000000000000
677,"EMAIL",2,40.0000000000000000
677,"OUTRO",2,40.0000000000000000
677,"SITE_EVENTO",1,20.0000000000000000
678,"INDICACAO",2,40.0000000000000000
678,"REDE_SOCIAL",1,20.0000000000000000
678,NULL,2,40.0000000000000000
679,"EMAIL",1,20.0000000000000000
679,"OUTRO",2,40.0000000000000000
679,"SITE_EVENTO",2,40.0000000000000000
680,"INDICACAO",1,20.0000000000000000
680,"REDE_SOCIAL",2,40.0000000000000000
680,NULL,2,40.0000000000000000
681,"EMAIL",2,40.0000000000000000
681,"OUTRO",1,20.0000000000000000
681,"SITE_EVENTO",2,40.0000000000000000
682,"INDICACAO",2,40.0000000000000000
682,"REDE_SOCIAL",2,40.0000000000000000
682,NULL,1,20.0000000000000000
683,"EMAIL",2,40.0000000000000000
683,"OUTRO",2,40.0000000000000000
683,"SITE_EVENTO",1,20.0000000000000000
684,"INDICACAO",2,40.0000000000000000
684,"REDE_SOCIAL",1,20.0000000000000000
684,NULL,2,40.0000000000000000
685,"EMAIL",1,20.0000000000000000
685,"OUTRO",2,40.0000000000000000
685,"SITE_EVENTO",2,40.0000000000000000
686,"INDICACAO",1,20.0000000000000000
686,"REDE_SOCIAL",2,40.0000000000000000
686,NULL,2,40.0000000000000000
687,"EMAIL",2,40.0000000000000000
687,"OUTRO",1,20.0000000000000000
687,"SITE_EVENTO",2,40.0000000000000000
688,"INDICACAO",2,40.0000000000000000
688,"REDE_SOCIAL",2,40.0000000000000000
688,NULL,1,20.0000000000000000
689,"EMAIL",2,40.0000000000000000
689,"OUTRO",2,40.0000000000000000
689,"SITE_EVENTO",1,20.0000000000000000
690,"INDICACAO",2,40.0000000000000000
690,"REDE_SOCIAL",1,20.0000000000000000
690,NULL,2,40.0000000000000000
691,"EMAIL",1,20.0000000000000000
691,"OUTRO",2,40.0000000000000000
691,"SITE_EVENTO",2,40.0000000000000000
692,"INDICACAO",1,20.0000000000000000
692,"REDE_SOCIAL",2,40.0000000000000000
692,NULL,2,40.0000000000000000
693,"EMAIL",2,40.0000000000000000
693,"OUTRO",1,20.0000000000000000
693,"SITE_EVENTO",2,40.0000000000000000
694,"INDICACAO",2,40.0000000000000000
694,"REDE_SOCIAL",2,40.0000000000000000
694,NULL,1,20.0000000000000000
695,"EMAIL",2,40.0000000000000000
695,"OUTRO",2,40.0000000000000000
695,"SITE_EVENTO",1,20.0000000000000000
696,"INDICACAO",2,40.0000000000000000
696,"REDE_SOCIAL",1,20.0000000000000000
696,NULL,2,40.0000000000000000
697,"EMAIL",1,20.0000000000000000
697,"OUTRO",2,40.0000000000000000
697,"SITE_EVENTO",2,40.0000000000000000
698,"INDICACAO",1,20.0000000000000000
698,"REDE_SOCIAL",2,40.0000000000000000
698,NULL,2,40.0000000000000000
699,"EMAIL",2,40.0000000000000000
699,"OUTRO",1,20.0000000000000000
699,"SITE_EVENTO",2,40.0000000000000000
700,"INDICACAO",2,40.0000000000000000
700,"REDE_SOCIAL",2,40.0000000000000000
700,NULL,1,20.0000000000000000
701,"EMAIL",2,40.0000000000000000
701,"OUTRO",2,40.0000000000000000
701,"SITE_EVENTO",1,20.0000000000000000
702,"INDICACAO",2,40.0000000000000000
702,"REDE_SOCIAL",1,20.0000000000000000
702,NULL,2,40.0000000000000000
703,"EMAIL",1,20.0000000000000000
703,"OUTRO",2,40.0000000000000000
703,"SITE_EVENTO",2,40.0000000000000000
704,"INDICACAO",1,20.0000000000000000
704,"REDE_SOCIAL",2,40.0000000000000000
704,NULL,2,40.0000000000000000
705,"EMAIL",2,40.0000000000000000
705,"OUTRO",1,20.0000000000000000
705,"SITE_EVENTO",2,40.0000000000000000
706,"INDICACAO",2,40.0000000000000000
706,"REDE_SOCIAL",2,40.0000000000000000
706,NULL,1,20.0000000000000000
707,"EMAIL",2,40.0000000000000000
707,"OUTRO",2,40.0000000000000000
707,"SITE_EVENTO",1,20.0000000000000000
708,"INDICACAO",2,40.0000000000000000
708,"REDE_SOCIAL",1,20.0000000000000000
708,NULL,2,40.0000000000000000
709,"EMAIL",1,20.0000000000000000
709,"OUTRO",2,40.0000000000000000
709,"SITE_EVENTO",2,40.0000000000000000
710,"INDICACAO",1,20.0000000000000000
710,"REDE_SOCIAL",2,40.0000000000000000
710,NULL,2,40.0000000000000000
711,"EMAIL",2,40.0000000000000000
711,"OUTRO",1,20.0000000000000000
711,"SITE_EVENTO",2,40.0000000000000000
712,"INDICACAO",2,40.0000000000000000
712,"REDE_SOCIAL",2,40.0000000000000000
712,NULL,1,20.0000000000000000
713,"EMAIL",2,40.0000000000000000
713,"OUTRO",2,40.0000000000000000
713,"SITE_EVENTO",1,20.0000000000000000
714,"INDICACAO",2,40.0000000000000000
714,"REDE_SOCIAL",1,20.0000000000000000
714,NULL,2,40.0000000000000000
715,"EMAIL",1,20.0000000000000000
715,"OUTRO",2,40.0000000000000000
715,"SITE_EVENTO",2,40.0000000000000000
716,"INDICACAO",1,20.0000000000000000
716,"REDE_SOCIAL",2,40.0000000000000000
716,NULL,2,40.0000000000000000
717,"EMAIL",2,40.0000000000000000
717,"OUTRO",1,20.0000000000000000
717,"SITE_EVENTO",2,40.0000000000000000
718,"INDICACAO",2,40.0000000000000000
718,"REDE_SOCIAL",2,40.0000000000000000
718,NULL,1,20.0000000000000000
719,"EMAIL",2,40.0000000000000000
719,"OUTRO",2,40.0000000000000000
719,"SITE_EVENTO",1,20.0000000000000000
720,"INDICACAO",2,40.0000000000000000
720,"REDE_SOCIAL",1,20.0000000000000000
720,NULL,2,40.0000000000000000
721,"EMAIL",1,20.0000000000000000
721,"OUTRO",2,40.0000000000000000
721,"SITE_EVENTO",2,40.0000000000000000
722,"INDICACAO",1,20.0000000000000000
722,"REDE_SOCIAL",2,40.0000000000000000
722,NULL,2,40.0000000000000000
723,"EMAIL",2,40.0000000000000000
723,"OUTRO",1,20.0000000000000000
723,"SITE_EVENTO",2,40.0000000000000000
724,"INDICACAO",2,40.0000000000000000
724,"REDE_SOCIAL",2,40.0000000000000000
724,NULL,1,20.0000000000000000
725,"EMAIL",2,40.0000000000000000
725,"OUTRO",2,40.0000000000000000
725,"SITE_EVENTO",1,20.0000000000000000
726,"INDICACAO",2,40.0000000000000000
726,"REDE_SOCIAL",1,20.0000000000000000
726,NULL,2,40.0000000000000000
727,"EMAIL",1,20.0000000000000000
727,"OUTRO",2,40.0000000000000000
727,"SITE_EVENTO",2,40.0000000000000000
728,"INDICACAO",1,20.0000000000000000
728,"REDE_SOCIAL",2,40.0000000000000000
728,NULL,2,40.0000000000000000
729,"EMAIL",2,40.0000000000000000
729,"OUTRO",1,20.0000000000000000
729,"SITE_EVENTO",2,40.0000000000000000
730,"INDICACAO",2,40.0000000000000000
730,"REDE_SOCIAL",2,40.0000000000000000
730,NULL,1,20.0000000000000000
731,"EMAIL",2,40.0000000000000000
731,"OUTRO",2,40.0000000000000000
731,"SITE_EVENTO",1,20.0000000000000000
732,"INDICACAO",2,40.0000000000000000
732,"REDE_SOCIAL",1,20.0000000000000000
732,NULL,2,40.0000000000000000
733,"EMAIL",1,20.0000000000000000
733,"OUTRO",2,40.0000000000000000
733,"SITE_EVENTO",2,40.0000000000000000
734,"INDICACAO",1,20.0000000000000000
734,"REDE_SOCIAL",2,40.0000000000000000
734,NULL,2,40.0000000000000000
735,"EMAIL",2,40.0000000000000000
735,"OUTRO",1,20.0000000000000000
735,"SITE_EVENTO",2,40.0000000000000000
736,"INDICACAO",2,40.0000000000000000
736,"REDE_SOCIAL",2,40.0000000000000000
736,NULL,1,20.0000000000000000
737,"EMAIL",2,40.0000000000000000
737,"OUTRO",2,40.0000000000000000
737,"SITE_EVENTO",1,20.0000000000000000
738,"INDICACAO",2,40.0000000000000000
738,"REDE_SOCIAL",1,20.0000000000000000
738,NULL,2,40.0000000000000000
739,"EMAIL",1,20.0000000000000000
739,"OUTRO",2,40.0000000000000000
739,"SITE_EVENTO",2,40.0000000000000000
740,"INDICACAO",1,20.0000000000000000
740,"REDE_SOCIAL",2,40.0000000000000000
740,NULL,2,40.0000000000000000
741,"EMAIL",2,40.0000000000000000
741,"OUTRO",1,20.0000000000000000
741,"SITE_EVENTO",2,40.0000000000000000
742,"INDICACAO",2,40.0000000000000000
742,"REDE_SOCIAL",2,40.0000000000000000
742,NULL,1,20.0000000000000000
743,"EMAIL",2,40.0000000000000000
743,"OUTRO",2,40.0000000000000000
743,"SITE_EVENTO",1,20.0000000000000000
744,"INDICACAO",2,40.0000000000000000
744,"REDE_SOCIAL",1,20.0000000000000000
744,NULL,2,40.0000000000000000
745,"EMAIL",1,20.0000000000000000
745,"OUTRO",2,40.0000000000000000
745,"SITE_EVENTO",2,40.0000000000000000
746,"INDICACAO",1,20.0000000000000000
746,"REDE_SOCIAL",2,40.0000000000000000
746,NULL,2,40.0000000000000000
747,"EMAIL",2,40.0000000000000000
747,"OUTRO",1,20.0000000000000000
747,"SITE_EVENTO",2,40.0000000000000000
748,"INDICACAO",2,40.0000000000000000
748,"REDE_SOCIAL",2,40.0000000000000000
748,NULL,1,20.0000000000000000
749,"EMAIL",2,40.0000000000000000
749,"OUTRO",2,40.0000000000000000
749,"SITE_EVENTO",1,20.0000000000000000
750,"INDICACAO",2,40.0000000000000000
750,"REDE_SOCIAL",1,20.0000000000000000
750,NULL,2,40.0000000000000000
751,"EMAIL",1,20.0000000000000000
751,"OUTRO",2,40.0000000000000000
751,"SITE_EVENTO",2,40.0000000000000000
752,"INDICACAO",1,20.0000000000000000
752,"REDE_SOCIAL",2,40.0000000000000000
752,NULL,2,40.0000000000000000
753,"EMAIL",2,40.0000000000000000
753,"OUTRO",1,20.0000000000000000
753,"SITE_EVENTO",2,40.0000000000000000
754,"INDICACAO",2,40.0000000000000000
754,"REDE_SOCIAL",2,40.0000000000000000
754,NULL,1,20.0000000000000000
755,"EMAIL",2,40.0000000000000000
755,"OUTRO",2,40.0000000000000000
755,"SITE_EVENTO",1,20.0000000000000000
756,"INDICACAO",2,40.0000000000000000
756,"REDE_SOCIAL",1,20.0000000000000000
756,NULL,2,40.0000000000000000
757,"EMAIL",1,20.0000000000000000
757,"OUTRO",2,40.0000000000000000
757,"SITE_EVENTO",2,40.0000000000000000
758,"INDICACAO",1,20.0000000000000000
758,"REDE_SOCIAL",2,40.0000000000000000
758,NULL,2,40.0000000000000000
759,"EMAIL",2,40.0000000000000000
759,"OUTRO",1,20.0000000000000000
759,"SITE_EVENTO",2,40.0000000000000000
760,"INDICACAO",2,40.0000000000000000
760,"REDE_SOCIAL",2,40.0000000000000000
760,NULL,1,20.0000000000000000
761,"EMAIL",2,40.0000000000000000
761,"OUTRO",2,40.0000000000000000
761,"SITE_EVENTO",1,20.0000000000000000
762,"INDICACAO",2,40.0000000000000000
762,"REDE_SOCIAL",1,20.0000000000000000
762,NULL,2,40.0000000000000000
763,"EMAIL",1,20.0000000000000000
763,"OUTRO",2,40.0000000000000000
763,"SITE_EVENTO",2,40.0000000000000000
764,"INDICACAO",1,20.0000000000000000
764,"REDE_SOCIAL",2,40.0000000000000000
764,NULL,2,40.0000000000000000
765,"EMAIL",2,40.0000000000000000
765,"OUTRO",1,20.0000000000000000
765,"SITE_EVENTO",2,40.0000000000000000
766,"INDICACAO",2,40.0000000000000000
766,"REDE_SOCIAL",2,40.0000000000000000
766,NULL,1,20.0000000000000000
767,"EMAIL",2,40.0000000000000000
767,"OUTRO",2,40.0000000000000000
767,"SITE_EVENTO",1,20.0000000000000000
768,"INDICACAO",2,40.0000000000000000
768,"REDE_SOCIAL",1,20.0000000000000000
768,NULL,2,40.0000000000000000
769,"EMAIL",1,20.0000000000000000
769,"OUTRO",2,40.0000000000000000
769,"SITE_EVENTO",2,40.0000000000000000
770,"INDICACAO",1,20.0000000000000000
770,"REDE_SOCIAL",2,40.0000000000000000
770,NULL,2,40.0000000000000000
771,"EMAIL",2,40.0000000000000000
771,"OUTRO",1,20.0000000000000000
771,"SITE_EVENTO",2,40.0000000000000000
772,"INDICACAO",2,40.0000000000000000
772,"REDE_SOCIAL",2,40.0000000000000000
772,NULL,1,20.0000000000000000
773,"EMAIL",2,40.0000000000000000
773,"OUTRO",2,40.0000000000000000
773,"SITE_EVENTO",1,20.0000000000000000
774,"INDICACAO",2,40.0000000000000000
774,"REDE_SOCIAL",1,20.0000000000000000
774,NULL,2,40.0000000000000000
775,"EMAIL",1,20.0000000000000000
775,"OUTRO",2,40.0000000000000000
775,"SITE_EVENTO",2,40.0000000000000000
776,"INDICACAO",1,20.0000000000000000
776,"REDE_SOCIAL",2,40.0000000000000000
776,NULL,2,40.0000000000000000
777,"EMAIL",2,40.0000000000000000
777,"OUTRO",1,20.0000000000000000
777,"SITE_EVENTO",2,40.0000000000000000
778,"INDICACAO",2,40.0000000000000000
778,"REDE_SOCIAL",2,40.0000000000000000
778,NULL,1,20.0000000000000000
779,"EMAIL",2,40.0000000000000000
779,"OUTRO",2,40.0000000000000000
779,"SITE_EVENTO",1,20.0000000000000000
780,"INDICACAO",2,40.0000000000000000
780,"REDE_SOCIAL",1,20.0000000000000000
780,NULL,2,40.0000000000000000
781,"EMAIL",1,20.0000000000000000
781,"OUTRO",2,40.0000000000000000
781,"SITE_EVENTO",2,40.0000000000000000
782,"INDICACAO",1,20.0000000000000000
782,"REDE_SOCIAL",2,40.0000000000000000
782,NULL,2,40.0000000000000000
783,"EMAIL",2,40.0000000000000000
783,"OUTRO",1,20.0000000000000000
783,"SITE_EVENTO",2,40.0000000000000000
784,"INDICACAO",2,40.0000000000000000
784,"REDE_SOCIAL",2,40.0000000000000000
784,NULL,1,20.0000000000000000
785,"EMAIL",2,40.0000000000000000
785,"OUTRO",2,40.0000000000000000
785,"SITE_EVENTO",1,20.0000000000000000
786,"INDICACAO",2,40.0000000000000000
786,"REDE_SOCIAL",1,20.0000000000000000
786,NULL,2,40.0000000000000000
787,"EMAIL",1,20.0000000000000000
787,"OUTRO",2,40.0000000000000000
787,"SITE_EVENTO",2,40.0000000000000000
788,"INDICACAO",1,20.0000000000000000
788,"REDE_SOCIAL",2,40.0000000000000000
788,NULL,2,40.0000000000000000
789,"EMAIL",2,40.0000000000000000
789,"OUTRO",1,20.0000000000000000
789,"SITE_EVENTO",2,40.0000000000000000
790,"INDICACAO",2,40.0000000000000000
790,"REDE_SOCIAL",2,40.0000000000000000
790,NULL,1,20.0000000000000000
791,"EMAIL",2,40.0000000000000000
791,"OUTRO",2,40.0000000000000000
791,"SITE_EVENTO",1,20.0000000000000000
792,"INDICACAO",2,40.0000000000000000
792,"REDE_SOCIAL",1,20.0000000000000000
792,NULL,2,40.0000000000000000
793,"EMAIL",1,20.0000000000000000
793,"OUTRO",2,40.0000000000000000
793,"SITE_EVENTO",2,40.0000000000000000
794,"INDICACAO",1,20.0000000000000000
794,"REDE_SOCIAL",2,40.0000000000000000
794,NULL,2,40.0000000000000000
795,"EMAIL",2,40.0000000000000000
795,"OUTRO",1,20.0000000000000000
795,"SITE_EVENTO",2,40.0000000000000000
796,"INDICACAO",2,40.0000000000000000
796,"REDE_SOCIAL",2,40.0000000000000000
796,NULL,1,20.0000000000000000
797,"EMAIL",2,40.0000000000000000
797,"OUTRO",2,40.0000000000000000
797,"SITE_EVENTO",1,20.0000000000000000
798,"INDICACAO",2,40.0000000000000000
798,"REDE_SOCIAL",1,20.0000000000000000
798,NULL,2,40.0000000000000000
799,"EMAIL",1,20.0000000000000000
799,"OUTRO",2,40.0000000000000000
799,"SITE_EVENTO",2,40.0000000000000000
800,"INDICACAO",1,20.0000000000000000
800,"REDE_SOCIAL",2,40.0000000000000000
800,NULL,2,40.0000000000000000
801,"EMAIL",2,40.0000000000000000
801,"OUTRO",1,20.0000000000000000
801,"SITE_EVENTO",2,40.0000000000000000
802,"INDICACAO",2,40.0000000000000000
802,"REDE_SOCIAL",2,40.0000000000000000
802,NULL,1,20.0000000000000000
803,"EMAIL",2,40.0000000000000000
803,"OUTRO",2,40.0000000000000000
803,"SITE_EVENTO",1,20.0000000000000000
804,"INDICACAO",2,40.0000000000000000
804,"REDE_SOCIAL",1,20.0000000000000000
804,NULL,2,40.0000000000000000
805,"EMAIL",1,20.0000000000000000
805,"OUTRO",2,40.0000000000000000
805,"SITE_EVENTO",2,40.0000000000000000
806,"INDICACAO",1,20.0000000000000000
806,"REDE_SOCIAL",2,40.0000000000000000
806,NULL,2,40.0000000000000000
807,"EMAIL",2,40.0000000000000000
807,"OUTRO",1,20.0000000000000000
807,"SITE_EVENTO",2,40.0000000000000000
808,"INDICACAO",2,40.0000000000000000
808,"REDE_SOCIAL",2,40.0000000000000000
808,NULL,1,20.0000000000000000
809,"EMAIL",2,40.0000000000000000
809,"OUTRO",2,40.0000000000000000
809,"SITE_EVENTO",1,20.0000000000000000
810,"INDICACAO",2,40.0000000000000000
810,"REDE_SOCIAL",1,20.0000000000000000
810,NULL,2,40.0000000000000000
811,"EMAIL",1,20.0000000000000000
811,"OUTRO",2,40.0000000000000000
811,"SITE_EVENTO",2,40.0000000000000000
812,"INDICACAO",1,20.0000000000000000
812,"REDE_SOCIAL",2,40.0000000000000000
812,NULL,2,40.0000000000000000
813,"EMAIL",2,40.0000000000000000
813,"OUTRO",1,20.0000000000000000
813,"SITE_EVENTO",2,40.0000000000000000
814,"INDICACAO",2,40.0000000000000000
814,"REDE_SOCIAL",2,40.0000000000000000
814,NULL,1,20.0000000000000000
815,"EMAIL",2,40.0000000000000000
815,"OUTRO",2,40.0000000000000000
815,"SITE_EVENTO",1,20.0000000000000000
816,"INDICACAO",2,40.0000000000000000
816,"REDE_SOCIAL",1,20.0000000000000000
816,NULL,2,40.0000000000000000
817,"EMAIL",1,20.0000000000000000
817,"OUTRO",2,40.0000000000000000
817,"SITE_EVENTO",2,40.0000000000000000
818,"INDICACAO",1,20.0000000000000000
818,"REDE_SOCIAL",2,40.0000000000000000
818,NULL,2,40.0000000000000000
819,"EMAIL",2,40.0000000000000000
819,"OUTRO",1,20.0000000000000000
819,"SITE_EVENTO",2,40.0000000000000000
820,"INDICACAO",2,40.0000000000000000
820,"REDE_SOCIAL",2,40.0000000000000000
820,NULL,1,20.0000000000000000
821,"EMAIL",2,40.0000000000000000
821,"OUTRO",2,40.0000000000000000
821,"SITE_EVENTO",1,20.0000000000000000
822,"INDICACAO",2,40.0000000000000000
822,"REDE_SOCIAL",1,20.0000000000000000
822,NULL,2,40.0000000000000000
823,"EMAIL",1,20.0000000000000000
823,"OUTRO",2,40.0000000000000000
823,"SITE_EVENTO",2,40.0000000000000000
824,"INDICACAO",1,20.0000000000000000
824,"REDE_SOCIAL",2,40.0000000000000000
824,NULL,2,40.0000000000000000
825,"EMAIL",2,40.0000000000000000
825,"OUTRO",1,20.0000000000000000
825,"SITE_EVENTO",2,40.0000000000000000
826,"INDICACAO",2,40.0000000000000000
826,"REDE_SOCIAL",2,40.0000000000000000
826,NULL,1,20.0000000000000000
827,"EMAIL",2,40.0000000000000000
827,"OUTRO",2,40.0000000000000000
827,"SITE_EVENTO",1,20.0000000000000000
828,"INDICACAO",2,40.0000000000000000
828,"REDE_SOCIAL",1,20.0000000000000000
828,NULL,2,40.0000000000000000
829,"EMAIL",1,20.0000000000000000
829,"OUTRO",2,40.0000000000000000
829,"SITE_EVENTO",2,40.0000000000000000
830,"INDICACAO",1,20.0000000000000000
830,"REDE_SOCIAL",2,40.0000000000000000
830,NULL,2,40.0000000000000000
831,"EMAIL",2,40.0000000000000000
831,"OUTRO",1,20.0000000000000000
831,"SITE_EVENTO",2,40.0000000000000000
832,"INDICACAO",2,40.0000000000000000
832,"REDE_SOCIAL",2,40.0000000000000000
832,NULL,1,20.0000000000000000
833,"EMAIL",2,40.0000000000000000
833,"OUTRO",2,40.0000000000000000
833,"SITE_EVENTO",1,20.0000000000000000
834,"INDICACAO",2,40.0000000000000000
834,"REDE_SOCIAL",1,20.0000000000000000
834,NULL,2,40.0000000000000000
835,"EMAIL",1,20.0000000000000000
835,"OUTRO",2,40.0000000000000000
835,"SITE_EVENTO",2,40.0000000000000000
836,"INDICACAO",1,20.0000000000000000
836,"REDE_SOCIAL",2,40.0000000000000000
836,NULL,2,40.0000000000000000
837,"EMAIL",2,40.0000000000000000
837,"OUTRO",1,20.0000000000000000
837,"SITE_EVENTO",2,40.0000000000000000
838,"INDICACAO",2,40.0000000000000000
838,"REDE_SOCIAL",2,40.0000000000000000
838,NULL,1,20.0000000000000000
839,"EMAIL",2,40.0000000000000000
839,"OUTRO",2,40.0000000000000000
839,"SITE_EVENTO",1,20.0000000000000000
840,"INDICACAO",2,40.0000000000000000
840,"REDE_SOCIAL",1,20.0000000000000000
840,NULL,2,40.0000000000000000
841,"EMAIL",1,20.0000000000000000
841,"OUTRO",2,40.0000000000000000
841,"SITE_EVENTO",2,40.0000000000000000
842,"INDICACAO",1,20.0000000000000000
842,"REDE_SOCIAL",2,40.0000000000000000
842,NULL,2,40.0000000000000000
843,"EMAIL",2,40.0000000000000000
843,"OUTRO",1,20.0000000000000000
843,"SITE_EVENTO",2,40.0000000000000000
844,"INDICACAO",2,40.0000000000000000
844,"REDE_SOCIAL",2,40.0000000000000000
844,NULL,1,20.0000000000000000
845,"EMAIL",2,40.0000000000000000
845,"OUTRO",2,40.0000000000000000
845,"SITE_EVENTO",1,20.0000000000000000
846,"INDICACAO",2,40.0000000000000000
846,"REDE_SOCIAL",1,20.0000000000000000
846,NULL,2,40.0000000000000000
847,"EMAIL",1,20.0000000000000000
847,"OUTRO",2,40.0000000000000000
847,"SITE_EVENTO",2,40.0000000000000000
848,"INDICACAO",1,20.0000000000000000
848,"REDE_SOCIAL",2,40.0000000000000000
848,NULL,2,40.0000000000000000
849,"EMAIL",2,40.0000000000000000
849,"OUTRO",1,20.0000000000000000
849,"SITE_EVENTO",2,40.0000000000000000
850,"INDICACAO",2,40.0000000000000000
850,"REDE_SOCIAL",2,40.0000000000000000
850,NULL,1,20.0000000000000000
851,"EMAIL",2,40.0000000000000000
851,"OUTRO",2,40.0000000000000000
851,"SITE_EVENTO",1,20.0000000000000000
852,"INDICACAO",2,40.0000000000000000
852,"REDE_SOCIAL",1,20.0000000000000000
852,NULL,2,40.0000000000000000
853,"EMAIL",1,20.0000000000000000
853,"OUTRO",2,40.0000000000000000
853,"SITE_EVENTO",2,40.0000000000000000
854,"INDICACAO",1,20.0000000000000000
854,"REDE_SOCIAL",2,40.0000000000000000
854,NULL,2,40.0000000000000000
855,"EMAIL",2,40.0000000000000000
855,"OUTRO",1,20.0000000000000000
855,"SITE_EVENTO",2,40.0000000000000000
856,"INDICACAO",2,40.0000000000000000
856,"REDE_SOCIAL",2,40.0000000000000000
856,NULL,1,20.0000000000000000
857,"EMAIL",2,40.0000000000000000
857,"OUTRO",2,40.0000000000000000
857,"SITE_EVENTO",1,20.0000000000000000
858,"INDICACAO",2,40.0000000000000000
858,"REDE_SOCIAL",1,20.0000000000000000
858,NULL,2,40.0000000000000000
859,"EMAIL",1,20.0000000000000000
859,"OUTRO",2,40.0000000000000000
859,"SITE_EVENTO",2,40.0000000000000000
860,"INDICACAO",1,20.0000000000000000
860,"REDE_SOCIAL",2,40.0000000000000000
860,NULL,2,40.0000000000000000
861,"EMAIL",2,40.0000000000000000
861,"OUTRO",1,20.0000000000000000
861,"SITE_EVENTO",2,40.0000000000000000
862,"INDICACAO",2,40.0000000000000000
862,"REDE_SOCIAL",2,40.0000000000000000
862,NULL,1,20.0000000000000000
863,"EMAIL",2,40.0000000000000000
863,"OUTRO",2,40.0000000000000000
863,"SITE_EVENTO",1,20.0000000000000000
864,"INDICACAO",2,40.0000000000000000
864,"REDE_SOCIAL",1,20.0000000000000000
864,NULL,2,40.0000000000000000
865,"EMAIL",1,20.0000000000000000
865,"OUTRO",2,40.0000000000000000
865,"SITE_EVENTO",2,40.0000000000000000
866,"INDICACAO",1,20.0000000000000000
866,"REDE_SOCIAL",2,40.0000000000000000
866,NULL,2,40.0000000000000000
867,"EMAIL",2,40.0000000000000000
867,"OUTRO",1,20.0000000000000000
867,"SITE_EVENTO",2,40.0000000000000000
868,"INDICACAO",2,40.0000000000000000
868,"REDE_SOCIAL",2,40.0000000000000000
868,NULL,1,20.0000000000000000
869,"EMAIL",2,40.0000000000000000
869,"OUTRO",2,40.0000000000000000
869,"SITE_EVENTO",1,20.0000000000000000
870,"INDICACAO",2,40.0000000000000000
870,"REDE_SOCIAL",1,20.0000000000000000
870,NULL,2,40.0000000000000000
871,"EMAIL",1,20.0000000000000000
871,"OUTRO",2,40.0000000000000000
871,"SITE_EVENTO",2,40.0000000000000000
872,"INDICACAO",1,20.0000000000000000
872,"REDE_SOCIAL",2,40.0000000000000000
872,NULL,2,40.0000000000000000
873,"EMAIL",2,40.0000000000000000
873,"OUTRO",1,20.0000000000000000
873,"SITE_EVENTO",2,40.0000000000000000
874,"INDICACAO",2,40.0000000000000000
874,"REDE_SOCIAL",2,40.0000000000000000
874,NULL,1,20.0000000000000000
875,"EMAIL",2,40.0000000000000000
875,"OUTRO",2,40.0000000000000000
875,"SITE_EVENTO",1,20.0000000000000000
876,"INDICACAO",2,40.0000000000000000
876,"REDE_SOCIAL",1,20.0000000000000000
876,NULL,2,40.0000000000000000
877,"EMAIL",1,20.0000000000000000
877,"OUTRO",2,40.0000000000000000
877,"SITE_EVENTO",2,40.0000000000000000
878,"INDICACAO",1,20.0000000000000000
878,"REDE_SOCIAL",2,40.0000000000000000
878,NULL,2,40.0000000000000000
879,"EMAIL",2,40.0000000000000000
879,"OUTRO",1,20.0000000000000000
879,"SITE_EVENTO",2,40.0000000000000000
880,"INDICACAO",2,40.0000000000000000
880,"REDE_SOCIAL",2,40.0000000000000000
880,NULL,1,20.0000000000000000
881,"EMAIL",2,40.0000000000000000
881,"OUTRO",2,40.0000000000000000
881,"SITE_EVENTO",1,20.0000000000000000
882,"INDICACAO",2,40.0000000000000000
882,"REDE_SOCIAL",1,20.0000000000000000
882,NULL,2,40.0000000000000000
883,"EMAIL",1,20.0000000000000000
883,"OUTRO",2,40.0000000000000000
883,"SITE_EVENTO",2,40.0000000000000000
884,"INDICACAO",1,20.0000000000000000
884,"REDE_SOCIAL",2,40.0000000000000000
884,NULL,2,40.0000000000000000
885,"EMAIL",2,40.0000000000000000
885,"OUTRO",1,20.0000000000000000
885,"SITE_EVENTO",2,40.0000000000000000
886,"INDICACAO",2,40.0000000000000000
886,"REDE_SOCIAL",2,40.0000000000000000
886,NULL,1,20.0000000000000000
887,"EMAIL",2,40.0000000000000000
887,"OUTRO",2,40.0000000000000000
887,"SITE_EVENTO",1,20.0000000000000000
888,"INDICACAO",2,40.0000000000000000
888,"REDE_SOCIAL",1,20.0000000000000000
888,NULL,2,40.0000000000000000
889,"EMAIL",1,20.0000000000000000
889,"OUTRO",2,40.0000000000000000
889,"SITE_EVENTO",2,40.0000000000000000
890,"INDICACAO",1,20.0000000000000000
890,"REDE_SOCIAL",2,40.0000000000000000
890,NULL,2,40.0000000000000000
891,"EMAIL",2,40.0000000000000000
891,"OUTRO",1,20.0000000000000000
891,"SITE_EVENTO",2,40.0000000000000000
892,"INDICACAO",2,40.0000000000000000
892,"REDE_SOCIAL",2,40.0000000000000000
892,NULL,1,20.0000000000000000
893,"EMAIL",2,40.0000000000000000
893,"OUTRO",2,40.0000000000000000
893,"SITE_EVENTO",1,20.0000000000000000
894,"INDICACAO",2,40.0000000000000000
894,"REDE_SOCIAL",1,20.0000000000000000
894,NULL,2,40.0000000000000000
895,"EMAIL",1,20.0000000000000000
895,"OUTRO",2,40.0000000000000000
895,"SITE_EVENTO",2,40.0000000000000000
896,"INDICACAO",1,20.0000000000000000
896,"REDE_SOCIAL",2,40.0000000000000000
896,NULL,2,40.0000000000000000
897,"EMAIL",2,40.0000000000000000
897,"OUTRO",1,20.0000000000000000
897,"SITE_EVENTO",2,40.0000000000000000
898,"INDICACAO",2,40.0000000000000000
898,"REDE_SOCIAL",2,40.0000000000000000
898,NULL,1,20.0000000000000000
899,"EMAIL",2,40.0000000000000000
899,"OUTRO",2,40.0000000000000000
899,"SITE_EVENTO",1,20.0000000000000000
900,"INDICACAO",2,40.0000000000000000
900,"REDE_SOCIAL",1,20.0000000000000000
900,NULL,2,40.0000000000000000
901,"EMAIL",1,20.0000000000000000
901,"OUTRO",2,40.0000000000000000
901,"SITE_EVENTO",2,40.0000000000000000
902,"INDICACAO",1,20.0000000000000000
902,"REDE_SOCIAL",2,40.0000000000000000
902,NULL,2,40.0000000000000000
903,"EMAIL",2,40.0000000000000000
903,"OUTRO",1,20.0000000000000000
903,"SITE_EVENTO",2,40.0000000000000000
904,"INDICACAO",2,40.0000000000000000
904,"REDE_SOCIAL",2,40.0000000000000000
904,NULL,1,20.0000000000000000
905,"EMAIL",2,40.0000000000000000
905,"OUTRO",2,40.0000000000000000
905,"SITE_EVENTO",1,20.0000000000000000
906,"INDICACAO",2,40.0000000000000000
906,"REDE_SOCIAL",1,20.0000000000000000
906,NULL,2,40.0000000000000000
907,"EMAIL",1,20.0000000000000000
907,"OUTRO",2,40.0000000000000000
907,"SITE_EVENTO",2,40.0000000000000000
908,"INDICACAO",1,20.0000000000000000
908,"REDE_SOCIAL",2,40.0000000000000000
908,NULL,2,40.0000000000000000
909,"EMAIL",2,40.0000000000000000
909,"OUTRO",1,20.0000000000000000
909,"SITE_EVENTO",2,40.0000000000000000
910,"INDICACAO",2,40.0000000000000000
910,"REDE_SOCIAL",2,40.0000000000000000
910,NULL,1,20.0000000000000000
911,"EMAIL",2,40.0000000000000000
911,"OUTRO",2,40.0000000000000000
911,"SITE_EVENTO",1,20.0000000000000000
912,"INDICACAO",2,40.0000000000000000
912,"REDE_SOCIAL",1,20.0000000000000000
912,NULL,2,40.0000000000000000
913,"EMAIL",1,20.0000000000000000
913,"OUTRO",2,40.0000000000000000
913,"SITE_EVENTO",2,40.0000000000000000
914,"INDICACAO",1,20.0000000000000000
914,"REDE_SOCIAL",2,40.0000000000000000
914,NULL,2,40.0000000000000000
915,"EMAIL",2,40.0000000000000000
915,"OUTRO",1,20.0000000000000000
915,"SITE_EVENTO",2,40.0000000000000000
916,"INDICACAO",2,40.0000000000000000
916,"REDE_SOCIAL",2,40.0000000000000000
916,NULL,1,20.0000000000000000
917,"EMAIL",2,40.0000000000000000
917,"OUTRO",2,40.0000000000000000
917,"SITE_EVENTO",1,20.0000000000000000
918,"INDICACAO",2,40.0000000000000000
918,"REDE_SOCIAL",1,20.0000000000000000
918,NULL,2,40.0000000000000000
919,"EMAIL",1,20.0000000000000000
919,"OUTRO",2,40.0000000000000000
919,"SITE_EVENTO",2,40.0000000000000000
920,"INDICACAO",1,20.0000000000000000
920,"REDE_SOCIAL",2,40.0000000000000000
920,NULL,2,40.0000000000000000
921,"EMAIL",2,40.0000000000000000
921,"OUTRO",1,20.0000000000000000
921,"SITE_EVENTO",2,40.0000000000000000
922,"INDICACAO",2,40.0000000000000000
922,"REDE_SOCIAL",2,40.0000000000000000
922,NULL,1,20.0000000000000000
923,"EMAIL",2,40.0000000000000000
923,"OUTRO",2,40.0000000000000000
923,"SITE_EVENTO",1,20.0000000000000000
924,"INDICACAO",2,40.0000000000000000
924,"REDE_SOCIAL",1,20.0000000000000000
924,NULL,2,40.0000000000000000
925,"EMAIL",1,20.0000000000000000
925,"OUTRO",2,40.0000000000000000
925,"SITE_EVENTO",2,40.0000000000000000
926,"INDICACAO",1,20.0000000000000000
926,"REDE_SOCIAL",2,40.0000000000000000
926,NULL,2,40.0000000000000000
927,"EMAIL",2,40.0000000000000000
927,"OUTRO",1,20.0000000000000000
927,"SITE_EVENTO",2,40.0000000000000000
928,"INDICACAO",2,40.0000000000000000
928,"REDE_SOCIAL",2,40.0000000000000000
928,NULL,1,20.0000000000000000
929,"EMAIL",2,40.0000000000000000
929,"OUTRO",2,40.0000000000000000
929,"SITE_EVENTO",1,20.0000000000000000
930,"INDICACAO",2,40.0000000000000000
930,"REDE_SOCIAL",1,20.0000000000000000
930,NULL,2,40.0000000000000000
931,"EMAIL",1,20.0000000000000000
931,"OUTRO",2,40.0000000000000000
931,"SITE_EVENTO",2,40.0000000000000000
932,"INDICACAO",1,20.0000000000000000
932,"REDE_SOCIAL",2,40.0000000000000000
932,NULL,2,40.0000000000000000
933,"EMAIL",2,40.0000000000000000
933,"OUTRO",1,20.0000000000000000
933,"SITE_EVENTO",2,40.0000000000000000
934,"INDICACAO",2,40.0000000000000000
934,"REDE_SOCIAL",2,40.0000000000000000
934,NULL,1,20.0000000000000000
935,"EMAIL",2,40.0000000000000000
935,"OUTRO",2,40.0000000000000000
935,"SITE_EVENTO",1,20.0000000000000000
936,"INDICACAO",2,40.0000000000000000
936,"REDE_SOCIAL",1,20.0000000000000000
936,NULL,2,40.0000000000000000
937,"EMAIL",1,20.0000000000000000
937,"OUTRO",2,40.0000000000000000
937,"SITE_EVENTO",2,40.0000000000000000
938,"INDICACAO",1,20.0000000000000000
938,"REDE_SOCIAL",2,40.0000000000000000
938,NULL,2,40.0000000000000000
939,"EMAIL",2,40.0000000000000000
939,"OUTRO",1,20.0000000000000000
939,"SITE_EVENTO",2,40.0000000000000000
940,"INDICACAO",2,40.0000000000000000
940,"REDE_SOCIAL",2,40.0000000000000000
940,NULL,1,20.0000000000000000
941,"EMAIL",2,40.0000000000000000
941,"OUTRO",2,40.0000000000000000
941,"SITE_EVENTO",1,20.0000000000000000
942,"INDICACAO",2,40.0000000000000000
942,"REDE_SOCIAL",1,20.0000000000000000
942,NULL,2,40.0000000000000000
943,"EMAIL",1,20.0000000000000000
943,"OUTRO",2,40.0000000000000000
943,"SITE_EVENTO",2,40.0000000000000000
944,"INDICACAO",1,20.0000000000000000
944,"REDE_SOCIAL",2,40.0000000000000000
944,NULL,2,40.0000000000000000
945,"EMAIL",2,40.0000000000000000
945,"OUTRO",1,20.0000000000000000
945,"SITE_EVENTO",2,40.0000000000000000
946,"INDICACAO",2,40.0000000000000000
946,"REDE_SOCIAL",2,40.0000000000000000
946,NULL,1,20.0000000000000000
947,"EMAIL",2,40.0000000000000000
947,"OUTRO",2,40.0000000000000000
947,"SITE_EVENTO",1,20.0000000000000000
948,"INDICACAO",2,40.0000000000000000
948,"REDE_SOCIAL",1,20.0000000000000000
948,NULL,2,40.0000000000000000
949,"EMAIL",1,20.0000000000000000
949,"OUTRO",2,40.0000000000000000
949,"SITE_EVENTO",2,40.0000000000000000
950,"INDICACAO",1,20.0000000000000000
950,"REDE_SOCIAL",2,40.0000000000000000
950,NULL,2,40.0000000000000000
951,"EMAIL",2,40.0000000000000000
951,"OUTRO",1,20.0000000000000000
951,"SITE_EVENTO",2,40.0000000000000000
952,"INDICACAO",2,40.0000000000000000
952,"REDE_SOCIAL",2,40.0000000000000000
952,NULL,1,20.0000000000000000
953,"EMAIL",2,40.0000000000000000
953,"OUTRO",2,40.0000000000000000
953,"SITE_EVENTO",1,20.0000000000000000
954,"INDICACAO",2,40.0000000000000000
954,"REDE_SOCIAL",1,20.0000000000000000
954,NULL,2,40.0000000000000000
955,"EMAIL",1,20.0000000000000000
955,"OUTRO",2,40.0000000000000000
955,"SITE_EVENTO",2,40.0000000000000000
956,"INDICACAO",1,20.0000000000000000
956,"REDE_SOCIAL",2,40.0000000000000000
956,NULL,2,40.0000000000000000
957,"EMAIL",2,40.0000000000000000
957,"OUTRO",1,20.0000000000000000
957,"SITE_EVENTO",2,40.0000000000000000
958,"INDICACAO",2,40.0000000000000000
958,"REDE_SOCIAL",2,40.0000000000000000
958,NULL,1,20.0000000000000000
959,"EMAIL",2,40.0000000000000000
959,"OUTRO",2,40.0000000000000000
959,"SITE_EVENTO",1,20.0000000000000000
960,"INDICACAO",2,40.0000000000000000
960,"REDE_SOCIAL",1,20.0000000000000000
960,NULL,2,40.0000000000000000
961,"EMAIL",1,20.0000000000000000
961,"OUTRO",2,40.0000000000000000
961,"SITE_EVENTO",2,40.0000000000000000
962,"INDICACAO",1,20.0000000000000000
962,"REDE_SOCIAL",2,40.0000000000000000
962,NULL,2,40.0000000000000000
963,"EMAIL",2,40.0000000000000000
963,"OUTRO",1,20.0000000000000000
963,"SITE_EVENTO",2,40.0000000000000000
964,"INDICACAO",2,40.0000000000000000
964,"REDE_SOCIAL",2,40.0000000000000000
964,NULL,1,20.0000000000000000
965,"EMAIL",2,40.0000000000000000
965,"OUTRO",2,40.0000000000000000
965,"SITE_EVENTO",1,20.0000000000000000
966,"INDICACAO",2,40.0000000000000000
966,"REDE_SOCIAL",1,20.0000000000000000
966,NULL,2,40.0000000000000000
967,"EMAIL",1,20.0000000000000000
967,"OUTRO",2,40.0000000000000000
967,"SITE_EVENTO",2,40.0000000000000000
968,"INDICACAO",1,20.0000000000000000
968,"REDE_SOCIAL",2,40.0000000000000000
968,NULL,2,40.0000000000000000
969,"EMAIL",2,40.0000000000000000
969,"OUTRO",1,20.0000000000000000
969,"SITE_EVENTO",2,40.0000000000000000
970,"INDICACAO",2,40.0000000000000000
970,"REDE_SOCIAL",2,40.0000000000000000
970,NULL,1,20.0000000000000000
971,"EMAIL",2,40.0000000000000000
971,"OUTRO",2,40.0000000000000000
971,"SITE_EVENTO",1,20.0000000000000000
972,"INDICACAO",2,40.0000000000000000
972,"REDE_SOCIAL",1,20.0000000000000000
972,NULL,2,40.0000000000000000
973,"EMAIL",1,20.0000000000000000
973,"OUTRO",2,40.0000000000000000
973,"SITE_EVENTO",2,40.0000000000000000
974,"INDICACAO",1,20.0000000000000000
974,"REDE_SOCIAL",2,40.0000000000000000
974,NULL,2,40.0000000000000000
975,"EMAIL",2,40.0000000000000000
975,"OUTRO",1,20.0000000000000000
975,"SITE_EVENTO",2,40.0000000000000000
976,"INDICACAO",2,40.0000000000000000
976,"REDE_SOCIAL",2,40.0000000000000000
976,NULL,1,20.0000000000000000
977,"EMAIL",2,40.0000000000000000
977,"OUTRO",2,40.0000000000000000
977,"SITE_EVENTO",1,20.0000000000000000
978,"INDICACAO",2,40.0000000000000000
978,"REDE_SOCIAL",1,20.0000000000000000
978,NULL,2,40.0000000000000000
979,"EMAIL",1,20.0000000000000000
979,"OUTRO",2,40.0000000000000000
979,"SITE_EVENTO",2,40.0000000000000000
980,"INDICACAO",1,20.0000000000000000
980,"REDE_SOCIAL",2,40.0000000000000000
980,NULL,2,40.0000000000000000
981,"EMAIL",2,40.0000000000000000
981,"OUTRO",1,20.0000000000000000
981,"SITE_EVENTO",2,40.0000000000000000
982,"INDICACAO",2,40.0000000000000000
982,"REDE_SOCIAL",2,40.0000000000000000
982,NULL,1,20.0000000000000000
983,"EMAIL",2,40.0000000000000000
983,"OUTRO",2,40.0000000000000000
983,"SITE_EVENTO",1,20.0000000000000000
984,"INDICACAO",2,40.0000000000000000
984,"REDE_SOCIAL",1,20.0000000000000000
984,NULL,2,40.0000000000000000
985,"EMAIL",1,20.0000000000000000
985,"OUTRO",2,40.0000000000000000
985,"SITE_EVENTO",2,40.0000000000000000
986,"INDICACAO",1,20.0000000000000000
986,"REDE_SOCIAL",2,40.0000000000000000
986,NULL,2,40.0000000000000000
987,"EMAIL",2,40.0000000000000000
987,"OUTRO",1,20.0000000000000000
987,"SITE_EVENTO",2,40.0000000000000000
988,"INDICACAO",2,40.0000000000000000
988,"REDE_SOCIAL",2,40.0000000000000000
988,NULL,1,20.0000000000000000
989,"EMAIL",2,40.0000000000000000
989,"OUTRO",2,40.0000000000000000
989,"SITE_EVENTO",1,20.0000000000000000
990,"INDICACAO",2,40.0000000000000000
990,"REDE_SOCIAL",1,20.0000000000000000
990,NULL,2,40.0000000000000000
991,"EMAIL",1,20.0000000000000000
991,"OUTRO",2,40.0000000000000000
991,"SITE_EVENTO",2,40.0000000000000000
992,"INDICACAO",1,20.0000000000000000
992,"REDE_SOCIAL",2,40.0000000000000000
992,NULL,2,40.0000000000000000
993,"EMAIL",2,40.0000000000000000
993,"OUTRO",1,20.0000000000000000
993,"SITE_EVENTO",2,40.0000000000000000
994,"INDICACAO",2,40.0000000000000000
994,"REDE_SOCIAL",2,40.0000000000000000
994,NULL,1,20.0000000000000000
995,"EMAIL",2,40.0000000000000000
995,"OUTRO",2,40.0000000000000000
995,"SITE_EVENTO",1,20.0000000000000000
996,"INDICACAO",2,40.0000000000000000
996,"REDE_SOCIAL",1,20.0000000000000000
996,NULL,2,40.0000000000000000
997,"EMAIL",1,20.0000000000000000
997,"OUTRO",2,40.0000000000000000
997,"SITE_EVENTO",2,40.0000000000000000
998,"INDICACAO",1,20.0000000000000000
998,"REDE_SOCIAL",2,40.0000000000000000
998,NULL,2,40.0000000000000000
999,"EMAIL",2,40.0000000000000000
999,"OUTRO",1,20.0000000000000000
999,"SITE_EVENTO",2,40.0000000000000000
1000,"INDICACAO",2,40.0000000000000000
1000,"REDE_SOCIAL",2,40.0000000000000000
1000,NULL,1,20.0000000000000000
1001,"EMAIL",2,40.0000000000000000
1001,"OUTRO",2,40.0000000000000000
1001,"SITE_EVENTO",1,20.0000000000000000
1002,"INDICACAO",2,40.0000000000000000
1002,"REDE_SOCIAL",1,20.0000000000000000
1002,NULL,2,40.0000000000000000
1003,"EMAIL",1,20.0000000000000000
1003,"OUTRO",2,40.0000000000000000
1003,"SITE_EVENTO",2,40.0000000000000000
1004,"INDICACAO",1,20.0000000000000000
1004,"REDE_SOCIAL",2,40.0000000000000000
1004,NULL,2,40.0000000000000000
1005,"EMAIL",2,40.0000000000000000
1005,"OUTRO",1,20.0000000000000000
1005,"SITE_EVENTO",2,40.0000000000000000
1006,"INDICACAO",2,40.0000000000000000
1006,"REDE_SOCIAL",2,40.0000000000000000
1006,NULL,1,20.0000000000000000
1007,"EMAIL",2,40.0000000000000000
1007,"OUTRO",2,40.0000000000000000
1007,"SITE_EVENTO",1,20.0000000000000000
1008,"INDICACAO",2,40.0000000000000000
1008,"REDE_SOCIAL",1,20.0000000000000000
1008,NULL,2,40.0000000000000000
1009,"EMAIL",1,20.0000000000000000
1009,"OUTRO",2,40.0000000000000000
1009,"SITE_EVENTO",2,40.0000000000000000
1010,"INDICACAO",1,20.0000000000000000
1010,"REDE_SOCIAL",2,40.0000000000000000
1010,NULL,2,40.0000000000000000
1011,"EMAIL",2,40.0000000000000000
1011,"OUTRO",1,20.0000000000000000
1011,"SITE_EVENTO",2,40.0000000000000000
1012,"INDICACAO",2,40.0000000000000000
1012,"REDE_SOCIAL",2,40.0000000000000000
1012,NULL,1,20.0000000000000000
1013,"EMAIL",2,40.0000000000000000
1013,"OUTRO",2,40.0000000000000000
1013,"SITE_EVENTO",1,20.0000000000000000
1014,"INDICACAO",2,40.0000000000000000
1014,"REDE_SOCIAL",1,20.0000000000000000
1014,NULL,2,40.0000000000000000
1015,"EMAIL",1,20.0000000000000000
1015,"OUTRO",2,40.0000000000000000
1015,"SITE_EVENTO",2,40.0000000000000000
1016,"INDICACAO",1,20.0000000000000000
1016,"REDE_SOCIAL",2,40.0000000000000000
1016,NULL,2,40.0000000000000000
1017,"EMAIL",2,40.0000000000000000
1017,"OUTRO",1,20.0000000000000000
1017,"SITE_EVENTO",2,40.0000000000000000
1018,"INDICACAO",2,40.0000000000000000
1018,"REDE_SOCIAL",2,40.0000000000000000
1018,NULL,1,20.0000000000000000
1019,"EMAIL",2,40.0000000000000000
1019,"OUTRO",2,40.0000000000000000
1019,"SITE_EVENTO",1,20.0000000000000000
1020,"INDICACAO",2,40.0000000000000000
1020,"REDE_SOCIAL",1,20.0000000000000000
1020,NULL,2,40.0000000000000000
1021,"EMAIL",1,20.0000000000000000
1021,"OUTRO",2,40.0000000000000000
1021,"SITE_EVENTO",2,40.0000000000000000
1022,"INDICACAO",1,20.0000000000000000
1022,"REDE_SOCIAL",2,40.0000000000000000
1022,NULL,2,40.0000000000000000
1023,"EMAIL",2,40.0000000000000000
1023,"OUTRO",1,20.0000000000000000
1023,"SITE_EVENTO",2,40.0000000000000000
1024,"INDICACAO",2,40.0000000000000000
1024,"REDE_SOCIAL",2,40.0000000000000000
1024,NULL,1,20.0000000000000000
1025,"EMAIL",2,40.0000000000000000
1025,"OUTRO",2,40.0000000000000000
1025,"SITE_EVENTO",1,20.0000000000000000
1026,"INDICACAO",2,40.0000000000000000
1026,"REDE_SOCIAL",1,20.0000000000000000
1026,NULL,2,40.0000000000000000
1027,"EMAIL",1,20.0000000000000000
1027,"OUTRO",2,40.0000000000000000
1027,"SITE_EVENTO",2,40.0000000000000000
1028,"INDICACAO",1,20.0000000000000000
1028,"REDE_SOCIAL",2,40.0000000000000000
1028,NULL,2,40.0000000000000000
1029,"EMAIL",2,40.0000000000000000
1029,"OUTRO",1,20.0000000000000000
1029,"SITE_EVENTO",2,40.0000000000000000
1030,"INDICACAO",2,40.0000000000000000
1030,"REDE_SOCIAL",2,40.0000000000000000
1030,NULL,1,20.0000000000000000
1031,"EMAIL",2,40.0000000000000000
1031,"OUTRO",2,40.0000000000000000
1031,"SITE_EVENTO",1,20.0000000000000000
1032,"INDICACAO",2,40.0000000000000000
1032,"REDE_SOCIAL",1,20.0000000000000000
1032,NULL,2,40.0000000000000000
1033,"EMAIL",1,20.0000000000000000
1033,"OUTRO",2,40.0000000000000000
1033,"SITE_EVENTO",2,40.0000000000000000
1034,"INDICACAO",1,20.0000000000000000
1034,"REDE_SOCIAL",2,40.0000000000000000
1034,NULL,2,40.0000000000000000
1035,"EMAIL",2,40.0000000000000000
1035,"OUTRO",1,20.0000000000000000
1035,"SITE_EVENTO",2,40.0000000000000000
1036,"INDICACAO",2,40.0000000000000000
1036,"REDE_SOCIAL",2,40.0000000000000000
1036,NULL,1,20.0000000000000000
1037,"EMAIL",2,40.0000000000000000
1037,"OUTRO",2,40.0000000000000000
1037,"SITE_EVENTO",1,20.0000000000000000
1038,"INDICACAO",2,40.0000000000000000
1038,"REDE_SOCIAL",1,20.0000000000000000
1038,NULL,2,40.0000000000000000
1039,"EMAIL",1,20.0000000000000000
1039,"OUTRO",2,40.0000000000000000
1039,"SITE_EVENTO",2,40.0000000000000000
1040,"INDICACAO",1,20.0000000000000000
1040,"REDE_SOCIAL",2,40.0000000000000000
1040,NULL,2,40.0000000000000000
1041,"EMAIL",2,40.0000000000000000
1041,"OUTRO",1,20.0000000000000000
1041,"SITE_EVENTO",2,40.0000000000000000
1042,"INDICACAO",2,40.0000000000000000
1042,"REDE_SOCIAL",2,40.0000000000000000
1042,NULL,1,20.0000000000000000
1043,"EMAIL",2,40.0000000000000000
1043,"OUTRO",2,40.0000000000000000
1043,"SITE_EVENTO",1,20.0000000000000000
1044,"INDICACAO",2,40.0000000000000000
1044,"REDE_SOCIAL",1,20.0000000000000000
1044,NULL,2,40.0000000000000000
1045,"EMAIL",1,20.0000000000000000
1045,"OUTRO",2,40.0000000000000000
1045,"SITE_EVENTO",2,40.0000000000000000
1046,"INDICACAO",1,20.0000000000000000
1046,"REDE_SOCIAL",2,40.0000000000000000
1046,NULL,2,40.0000000000000000
1047,"EMAIL",2,40.0000000000000000
1047,"OUTRO",1,20.0000000000000000
1047,"SITE_EVENTO",2,40.0000000000000000
1048,"INDICACAO",2,40.0000000000000000
1048,"REDE_SOCIAL",2,40.0000000000000000
1048,NULL,1,20.0000000000000000
1049,"EMAIL",2,40.0000000000000000
1049,"OUTRO",2,40.0000000000000000
1049,"SITE_EVENTO",1,20.0000000000000000
1050,"INDICACAO",2,40.0000000000000000
1050,"REDE_SOCIAL",1,20.0000000000000000
1050,NULL,2,40.0000000000000000
1051,"EMAIL",1,20.0000000000000000
1051,"OUTRO",2,40.0000000000000000
1051,"SITE_EVENTO",2,40.0000000000000000
1052,"INDICACAO",1,20.0000000000000000
1052,"REDE_SOCIAL",2,40.0000000000000000
1052,NULL,2,40.0000000000000000
1053,"EMAIL",2,40.0000000000000000
1053,"OUTRO",1,20.0000000000000000
1053,"SITE_EVENTO",2,40.0000000000000000
1054,"INDICACAO",2,40.0000000000000000
1054,"REDE_SOCIAL",2,40.0000000000000000
1054,NULL,1,20.0000000000000000
1055,"EMAIL",2,40.0000000000000000
1055,"OUTRO",2,40.0000000000000000
1055,"SITE_EVENTO",1,20.0000000000000000
1056,"INDICACAO",2,40.0000000000000000
1056,"REDE_SOCIAL",1,20.0000000000000000
1056,NULL,2,40.0000000000000000
1057,"EMAIL",1,20.0000000000000000
1057,"OUTRO",2,40.0000000000000000
1057,"SITE_EVENTO",2,40.0000000000000000
1058,"INDICACAO",1,20.0000000000000000
1058,"REDE_SOCIAL",2,40.0000000000000000
1058,NULL,2,40.0000000000000000
1059,"EMAIL",2,40.0000000000000000
1059,"OUTRO",1,20.0000000000000000
1059,"SITE_EVENTO",2,40.0000000000000000
1060,"INDICACAO",2,40.0000000000000000
1060,"REDE_SOCIAL",2,40.0000000000000000
1060,NULL,1,20.0000000000000000
1061,"EMAIL",2,40.0000000000000000
1061,"OUTRO",2,40.0000000000000000
1061,"SITE_EVENTO",1,20.0000000000000000
1062,"INDICACAO",2,40.0000000000000000
1062,"REDE_SOCIAL",1,20.0000000000000000
1062,NULL,2,40.0000000000000000
1063,"EMAIL",1,20.0000000000000000
1063,"OUTRO",2,40.0000000000000000
1063,"SITE_EVENTO",2,40.0000000000000000
1064,"INDICACAO",1,20.0000000000000000
1064,"REDE_SOCIAL",2,40.0000000000000000
1064,NULL,2,40.0000000000000000
1065,"EMAIL",2,40.0000000000000000
1065,"OUTRO",1,20.0000000000000000
1065,"SITE_EVENTO",2,40.0000000000000000
1066,"INDICACAO",2,40.0000000000000000
1066,"REDE_SOCIAL",2,40.0000000000000000
1066,NULL,1,20.0000000000000000
1067,"EMAIL",2,40.0000000000000000
1067,"OUTRO",2,40.0000000000000000
1067,"SITE_EVENTO",1,20.0000000000000000
1068,"INDICACAO",2,40.0000000000000000
1068,"REDE_SOCIAL",1,20.0000000000000000
1068,NULL,2,40.0000000000000000
1069,"EMAIL",1,20.0000000000000000
1069,"OUTRO",2,40.0000000000000000
1069,"SITE_EVENTO",2,40.0000000000000000
1070,"INDICACAO",1,20.0000000000000000
1070,"REDE_SOCIAL",2,40.0000000000000000
1070,NULL,2,40.0000000000000000
1071,"EMAIL",2,40.0000000000000000
1071,"OUTRO",1,20.0000000000000000
1071,"SITE_EVENTO",2,40.0000000000000000
1072,"INDICACAO",2,40.0000000000000000
1072,"REDE_SOCIAL",2,40.0000000000000000
1072,NULL,1,20.0000000000000000
1073,"EMAIL",2,40.0000000000000000
1073,"OUTRO",2,40.0000000000000000
1073,"SITE_EVENTO",1,20.0000000000000000
1074,"INDICACAO",2,40.0000000000000000
1074,"REDE_SOCIAL",1,20.0000000000000000
1074,NULL,2,40.0000000000000000
1075,"EMAIL",1,20.0000000000000000
1075,"OUTRO",2,40.0000000000000000
1075,"SITE_EVENTO",2,40.0000000000000000
1076,"INDICACAO",1,20.0000000000000000
1076,"REDE_SOCIAL",2,40.0000000000000000
1076,NULL,2,40.0000000000000000
1077,"EMAIL",2,40.0000000000000000
1077,"OUTRO",1,20.0000000000000000
1077,"SITE_EVENTO",2,40.0000000000000000
1078,"INDICACAO",2,40.0000000000000000
1078,"REDE_SOCIAL",2,40.0000000000000000
1078,NULL,1,20.0000000000000000
1079,"EMAIL",2,40.0000000000000000
1079,"OUTRO",2,40.0000000000000000
1079,"SITE_EVENTO",1,20.0000000000000000
1080,"INDICACAO",2,40.0000000000000000
1080,"REDE_SOCIAL",1,20.0000000000000000
1080,NULL,2,40.0000000000000000
1081,"EMAIL",1,20.0000000000000000
1081,"OUTRO",2,40.0000000000000000
1081,"SITE_EVENTO",2,40.0000000000000000
1082,"INDICACAO",1,20.0000000000000000
1082,"REDE_SOCIAL",2,40.0000000000000000
1082,NULL,2,40.0000000000000000
1083,"EMAIL",2,40.0000000000000000
1083,"OUTRO",1,20.0000000000000000
1083,"SITE_EVENTO",2,40.0000000000000000
1084,"INDICACAO",2,40.0000000000000000
1084,"REDE_SOCIAL",2,40.0000000000000000
1084,NULL,1,20.0000000000000000
1085,"EMAIL",2,40.0000000000000000
1085,"OUTRO",2,40.0000000000000000
1085,"SITE_EVENTO",1,20.0000000000000000
1086,"INDICACAO",2,40.0000000000000000
1086,"REDE_SOCIAL",1,20.0000000000000000
1086,NULL,2,40.0000000000000000
1087,"EMAIL",1,20.0000000000000000
1087,"OUTRO",2,40.0000000000000000
1087,"SITE_EVENTO",2,40.0000000000000000
1088,"INDICACAO",1,20.0000000000000000
1088,"REDE_SOCIAL",2,40.0000000000000000
1088,NULL,2,40.0000000000000000
1089,"EMAIL",2,40.0000000000000000
1089,"OUTRO",1,20.0000000000000000
1089,"SITE_EVENTO",2,40.0000000000000000
1090,"INDICACAO",2,40.0000000000000000
1090,"REDE_SOCIAL",2,40.0000000000000000
1090,NULL,1,20.0000000000000000
1091,"EMAIL",2,40.0000000000000000
1091,"OUTRO",2,40.0000000000000000
1091,"SITE_EVENTO",1,20.0000000000000000
1092,"INDICACAO",2,40.0000000000000000
1092,"REDE_SOCIAL",1,20.0000000000000000
1092,NULL,2,40.0000000000000000
1093,"EMAIL",1,20.0000000000000000
1093,"OUTRO",2,40.0000000000000000
1093,"SITE_EVENTO",2,40.0000000000000000
1094,"INDICACAO",1,20.0000000000000000
1094,"REDE_SOCIAL",2,40.0000000000000000
1094,NULL,2,40.0000000000000000
1095,"EMAIL",2,40.0000000000000000
1095,"OUTRO",1,20.0000000000000000
1095,"SITE_EVENTO",2,40.0000000000000000
1096,"INDICACAO",2,40.0000000000000000
1096,"REDE_SOCIAL",2,40.0000000000000000
1096,NULL,1,20.0000000000000000
1097,"EMAIL",2,40.0000000000000000
1097,"OUTRO",2,40.0000000000000000
1097,"SITE_EVENTO",1,20.0000000000000000
1098,"INDICACAO",2,40.0000000000000000
1098,"REDE_SOCIAL",1,20.0000000000000000
1098,NULL,2,40.0000000000000000
1099,"EMAIL",1,20.0000000000000000
1099,"OUTRO",2,40.0000000000000000
1099,"SITE_EVENTO",2,40.0000000000000000
1100,"INDICACAO",1,20.0000000000000000
1100,"REDE_SOCIAL",2,40.0000000000000000
1100,NULL,2,40.0000000000000000
1101,"EMAIL",2,40.0000000000000000
1101,"OUTRO",1,20.0000000000000000
1101,"SITE_EVENTO",2,40.0000000000000000
1102,"INDICACAO",2,40.0000000000000000
1102,"REDE_SOCIAL",2,40.0000000000000000
1102,NULL,1,20.0000000000000000
1103,"EMAIL",2,40.0000000000000000
1103,"OUTRO",2,40.0000000000000000
1103,"SITE_EVENTO",1,20.0000000000000000
1104,"INDICACAO",2,40.0000000000000000
1104,"REDE_SOCIAL",1,20.0000000000000000
1104,NULL,2,40.0000000000000000
1105,"EMAIL",1,20.0000000000000000
1105,"OUTRO",2,40.0000000000000000
1105,"SITE_EVENTO",2,40.0000000000000000
1106,"INDICACAO",1,20.0000000000000000
1106,"REDE_SOCIAL",2,40.0000000000000000
1106,NULL,2,40.0000000000000000
1107,"EMAIL",2,40.0000000000000000
1107,"OUTRO",1,20.0000000000000000
1107,"SITE_EVENTO",2,40.0000000000000000
1108,"INDICACAO",2,40.0000000000000000
1108,"REDE_SOCIAL",2,40.0000000000000000
1108,NULL,1,20.0000000000000000
1109,"EMAIL",2,40.0000000000000000
1109,"OUTRO",2,40.0000000000000000
1109,"SITE_EVENTO",1,20.0000000000000000
1110,"INDICACAO",2,40.0000000000000000
1110,"REDE_SOCIAL",1,20.0000000000000000
1110,NULL,2,40.0000000000000000
1111,"EMAIL",1,20.0000000000000000
1111,"OUTRO",2,40.0000000000000000
1111,"SITE_EVENTO",2,40.0000000000000000
1112,"INDICACAO",1,20.0000000000000000
1112,"REDE_SOCIAL",2,40.0000000000000000
1112,NULL,2,40.0000000000000000
1113,"EMAIL",2,40.0000000000000000
1113,"OUTRO",1,20.0000000000000000
1113,"SITE_EVENTO",2,40.0000000000000000
1114,"INDICACAO",2,40.0000000000000000
1114,"REDE_SOCIAL",2,40.0000000000000000
1114,NULL,1,20.0000000000000000
1115,"EMAIL",2,40.0000000000000000
1115,"OUTRO",2,40.0000000000000000
1115,"SITE_EVENTO",1,20.0000000000000000
1116,"INDICACAO",2,40.0000000000000000
1116,"REDE_SOCIAL",1,20.0000000000000000
1116,NULL,2,40.0000000000000000
1117,"EMAIL",1,20.0000000000000000
1117,"OUTRO",2,40.0000000000000000
1117,"SITE_EVENTO",2,40.0000000000000000
1118,"INDICACAO",1,20.0000000000000000
1118,"REDE_SOCIAL",2,40.0000000000000000
1118,NULL,2,40.0000000000000000
1119,"EMAIL",2,40.0000000000000000
1119,"OUTRO",1,20.0000000000000000
1119,"SITE_EVENTO",2,40.0000000000000000
1120,"INDICACAO",2,40.0000000000000000
1120,"REDE_SOCIAL",2,40.0000000000000000
1120,NULL,1,20.0000000000000000
1121,"EMAIL",2,40.0000000000000000
1121,"OUTRO",2,40.0000000000000000
1121,"SITE_EVENTO",1,20.0000000000000000
1122,"INDICACAO",2,40.0000000000000000
1122,"REDE_SOCIAL",1,20.0000000000000000
1122,NULL,2,40.0000000000000000
1123,"EMAIL",1,20.0000000000000000
1123,"OUTRO",2,40.0000000000000000
1123,"SITE_EVENTO",2,40.0000000000000000
1124,"INDICACAO",1,20.0000000000000000
1124,"REDE_SOCIAL",2,40.0000000000000000
1124,NULL,2,40.0000000000000000
1125,"EMAIL",2,40.0000000000000000
1125,"OUTRO",1,20.0000000000000000
1125,"SITE_EVENTO",2,40.0000000000000000
1126,"INDICACAO",2,40.0000000000000000
1126,"REDE_SOCIAL",2,40.0000000000000000
1126,NULL,1,20.0000000000000000
1127,"EMAIL",2,40.0000000000000000
1127,"OUTRO",2,40.0000000000000000
1127,"SITE_EVENTO",1,20.0000000000000000
1128,"INDICACAO",2,40.0000000000000000
1128,"REDE_SOCIAL",1,20.0000000000000000
1128,NULL,2,40.0000000000000000
1129,"EMAIL",1,20.0000000000000000
1129,"OUTRO",2,40.0000000000000000
1129,"SITE_EVENTO",2,40.0000000000000000
1130,"INDICACAO",1,20.0000000000000000
1130,"REDE_SOCIAL",2,40.0000000000000000
1130,NULL,2,40.0000000000000000
1131,"EMAIL",2,40.0000000000000000
1131,"OUTRO",1,20.0000000000000000
1131,"SITE_EVENTO",2,40.0000000000000000
1132,"INDICACAO",2,40.0000000000000000
1132,"REDE_SOCIAL",2,40.0000000000000000
1132,NULL,1,20.0000000000000000
1133,"EMAIL",2,40.0000000000000000
1133,"OUTRO",2,40.0000000000000000
1133,"SITE_EVENTO",1,20.0000000000000000
1134,"INDICACAO",2,40.0000000000000000
1134,"REDE_SOCIAL",1,20.0000000000000000
1134,NULL,2,40.0000000000000000
1135,"EMAIL",1,20.0000000000000000
1135,"OUTRO",2,40.0000000000000000
1135,"SITE_EVENTO",2,40.0000000000000000
1136,"INDICACAO",1,20.0000000000000000
1136,"REDE_SOCIAL",2,40.0000000000000000
1136,NULL,2,40.0000000000000000
1137,"EMAIL",2,40.0000000000000000
1137,"OUTRO",1,20.0000000000000000
1137,"SITE_EVENTO",2,40.0000000000000000
1138,"INDICACAO",2,40.0000000000000000
1138,"REDE_SOCIAL",2,40.0000000000000000
1138,NULL,1,20.0000000000000000
1139,"EMAIL",2,40.0000000000000000
1139,"OUTRO",2,40.0000000000000000
1139,"SITE_EVENTO",1,20.0000000000000000
1140,"INDICACAO",2,40.0000000000000000
1140,"REDE_SOCIAL",1,20.0000000000000000
1140,NULL,2,40.0000000000000000
1141,"EMAIL",1,20.0000000000000000
1141,"OUTRO",2,40.0000000000000000
1141,"SITE_EVENTO",2,40.0000000000000000
1142,"INDICACAO",1,20.0000000000000000
1142,"REDE_SOCIAL",2,40.0000000000000000
1142,NULL,2,40.0000000000000000
1143,"EMAIL",2,40.0000000000000000
1143,"OUTRO",1,20.0000000000000000
1143,"SITE_EVENTO",2,40.0000000000000000
1144,"INDICACAO",2,40.0000000000000000
1144,"REDE_SOCIAL",2,40.0000000000000000
1144,NULL,1,20.0000000000000000
1145,"EMAIL",2,40.0000000000000000
1145,"OUTRO",2,40.0000000000000000
1145,"SITE_EVENTO",1,20.0000000000000000
1146,"INDICACAO",2,40.0000000000000000
1146,"REDE_SOCIAL",1,20.0000000000000000
1146,NULL,2,40.0000000000000000
1147,"EMAIL",1,20.0000000000000000
1147,"OUTRO",2,40.0000000000000000
1147,"SITE_EVENTO",2,40.0000000000000000
1148,"INDICACAO",1,20.0000000000000000
1148,"REDE_SOCIAL",2,40.0000000000000000
1148,NULL,2,40.0000000000000000
1149,"EMAIL",2,40.0000000000000000
1149,"OUTRO",1,20.0000000000000000
1149,"SITE_EVENTO",2,40.0000000000000000
1150,"INDICACAO",2,40.0000000000000000
1150,"REDE_SOCIAL",2,40.0000000000000000
1150,NULL,1,20.0000000000000000
1151,"EMAIL",2,40.0000000000000000
1151,"OUTRO",2,40.0000000000000000
1151,"SITE_EVENTO",1,20.0000000000000000
1152,"INDICACAO",2,40.0000000000000000
1152,"REDE_SOCIAL",1,20.0000000000000000
1152,NULL,2,40.0000000000000000
1153,"EMAIL",1,20.0000000000000000
1153,"OUTRO",2,40.0000000000000000
1153,"SITE_EVENTO",2,40.0000000000000000
1154,"INDICACAO",1,20.0000000000000000
1154,"REDE_SOCIAL",2,40.0000000000000000
1154,NULL,2,40.0000000000000000
1155,"EMAIL",2,40.0000000000000000
1155,"OUTRO",1,20.0000000000000000
1155,"SITE_EVENTO",2,40.0000000000000000
1156,"INDICACAO",2,40.0000000000000000
1156,"REDE_SOCIAL",2,40.0000000000000000
1156,NULL,1,20.0000000000000000
1157,"EMAIL",2,40.0000000000000000
1157,"OUTRO",2,40.0000000000000000
1157,"SITE_EVENTO",1,20.0000000000000000
1158,"INDICACAO",2,40.0000000000000000
1158,"REDE_SOCIAL",1,20.0000000000000000
1158,NULL,2,40.0000000000000000
1159,"EMAIL",1,20.0000000000000000
1159,"OUTRO",2,40.0000000000000000
1159,"SITE_EVENTO",2,40.0000000000000000
1160,"INDICACAO",1,20.0000000000000000
1160,"REDE_SOCIAL",2,40.0000000000000000
1160,NULL,2,40.0000000000000000
1161,"EMAIL",2,40.0000000000000000
1161,"OUTRO",1,20.0000000000000000
1161,"SITE_EVENTO",2,40.0000000000000000
1162,"INDICACAO",2,40.0000000000000000
1162,"REDE_SOCIAL",2,40.0000000000000000
1162,NULL,1,20.0000000000000000
1163,"EMAIL",2,40.0000000000000000
1163,"OUTRO",2,40.0000000000000000
1163,"SITE_EVENTO",1,20.0000000000000000
1164,"INDICACAO",2,40.0000000000000000
1164,"REDE_SOCIAL",1,20.0000000000000000
1164,NULL,2,40.0000000000000000
1165,"EMAIL",1,20.0000000000000000
1165,"OUTRO",2,40.0000000000000000
1165,"SITE_EVENTO",2,40.0000000000000000
1166,"INDICACAO",1,20.0000000000000000
1166,"REDE_SOCIAL",2,40.0000000000000000
1166,NULL,2,40.0000000000000000
1167,"EMAIL",2,40.0000000000000000
1167,"OUTRO",1,20.0000000000000000
1167,"SITE_EVENTO",2,40.0000000000000000
1168,"INDICACAO",2,40.0000000000000000
1168,"REDE_SOCIAL",2,40.0000000000000000
1168,NULL,1,20.0000000000000000
1169,"EMAIL",2,40.0000000000000000
1169,"OUTRO",2,40.0000000000000000
1169,"SITE_EVENTO",1,20.0000000000000000
1170,"INDICACAO",2,40.0000000000000000
1170,"REDE_SOCIAL",1,20.0000000000000000
1170,NULL,2,40.0000000000000000
1171,"EMAIL",1,20.0000000000000000
1171,"OUTRO",2,40.0000000000000000
1171,"SITE_EVENTO",2,40.0000000000000000
1172,"INDICACAO",1,20.0000000000000000
1172,"REDE_SOCIAL",2,40.0000000000000000
1172,NULL,2,40.0000000000000000
1173,"EMAIL",2,40.0000000000000000
1173,"OUTRO",1,20.0000000000000000
1173,"SITE_EVENTO",2,40.0000000000000000
1174,"INDICACAO",2,40.0000000000000000
1174,"REDE_SOCIAL",2,40.0000000000000000
1174,NULL,1,20.0000000000000000
1175,"EMAIL",2,40.0000000000000000
1175,"OUTRO",2,40.0000000000000000
1175,"SITE_EVENTO",1,20.0000000000000000
1176,"INDICACAO",2,40.0000000000000000
1176,"REDE_SOCIAL",1,20.0000000000000000
1176,NULL,2,40.0000000000000000
1177,"EMAIL",1,20.0000000000000000
1177,"OUTRO",2,40.0000000000000000
1177,"SITE_EVENTO",2,40.0000000000000000
1178,"INDICACAO",1,20.0000000000000000
1178,"REDE_SOCIAL",2,40.0000000000000000
1178,NULL,2,40.0000000000000000
1179,"EMAIL",2,40.0000000000000000
1179,"OUTRO",1,20.0000000000000000
1179,"SITE_EVENTO",2,40.0000000000000000
1180,"INDICACAO",2,40.0000000000000000
1180,"REDE_SOCIAL",2,40.0000000000000000
1180,NULL,1,20.0000000000000000
1181,"EMAIL",2,40.0000000000000000
1181,"OUTRO",2,40.0000000000000000
1181,"SITE_EVENTO",1,20.0000000000000000
1182,"INDICACAO",2,40.0000000000000000
1182,"REDE_SOCIAL",1,20.0000000000000000
1182,NULL,2,40.0000000000000000
1183,"EMAIL",1,20.0000000000000000
1183,"OUTRO",2,40.0000000000000000
1183,"SITE_EVENTO",2,40.0000000000000000
1184,"INDICACAO",1,20.0000000000000000
1184,"REDE_SOCIAL",2,40.0000000000000000
1184,NULL,2,40.0000000000000000
1185,"EMAIL",2,40.0000000000000000
1185,"OUTRO",1,20.0000000000000000
1185,"SITE_EVENTO",2,40.0000000000000000
1186,"INDICACAO",2,40.0000000000000000
1186,"REDE_SOCIAL",2,40.0000000000000000
1186,NULL,1,20.0000000000000000
1187,"EMAIL",2,40.0000000000000000
1187,"OUTRO",2,40.0000000000000000
1187,"SITE_EVENTO",1,20.0000000000000000
1188,"INDICACAO",2,40.0000000000000000
1188,"REDE_SOCIAL",1,20.0000000000000000
1188,NULL,2,40.0000000000000000
1189,"EMAIL",1,20.0000000000000000
1189,"OUTRO",2,40.0000000000000000
1189,"SITE_EVENTO",2,40.0000000000000000
1190,"INDICACAO",1,20.0000000000000000
1190,"REDE_SOCIAL",2,40.0000000000000000
1190,NULL,2,40.0000000000000000
1191,"EMAIL",2,40.0000000000000000
1191,"OUTRO",1,20.0000000000000000
1191,"SITE_EVENTO",2,40.0000000000000000
1192,"INDICACAO",2,40.0000000000000000
1192,"REDE_SOCIAL",2,40.0000000000000000
1192,NULL,1,20.0000000000000000
1193,"EMAIL",2,40.0000000000000000
1193,"OUTRO",2,40.0000000000000000
1193,"SITE_EVENTO",1,20.0000000000000000
1194,"INDICACAO",2,40.0000000000000000
1194,"REDE_SOCIAL",1,20.0000000000000000
1194,NULL,2,40.0000000000000000
1195,"EMAIL",1,20.0000000000000000
1195,"OUTRO",2,40.0000000000000000
1195,"SITE_EVENTO",2,40.0000000000000000
1196,"INDICACAO",1,20.0000000000000000
1196,"REDE_SOCIAL",2,40.0000000000000000
1196,NULL,2,40.0000000000000000
1197,"EMAIL",2,40.0000000000000000
1197,"OUTRO",1,20.0000000000000000
1197,"SITE_EVENTO",2,40.0000000000000000
1198,"INDICACAO",2,40.0000000000000000
1198,"REDE_SOCIAL",2,40.0000000000000000
1198,NULL,1,20.0000000000000000
1199,"EMAIL",2,40.0000000000000000
1199,"OUTRO",2,40.0000000000000000
1199,"SITE_EVENTO",1,20.0000000000000000
1200,"INDICACAO",2,40.0000000000000000
1200,"REDE_SOCIAL",1,20.0000000000000000
1200,NULL,2,40.0000000000000000
1201,"EMAIL",1,20.0000000000000000
1201,"OUTRO",2,40.0000000000000000
1201,"SITE_EVENTO",2,40.0000000000000000
1202,"INDICACAO",1,20.0000000000000000
1202,"REDE_SOCIAL",2,40.0000000000000000
1202,NULL,2,40.0000000000000000
1203,"EMAIL",2,40.0000000000000000
1203,"OUTRO",1,20.0000000000000000
1203,"SITE_EVENTO",2,40.0000000000000000
1204,"INDICACAO",2,40.0000000000000000
1204,"REDE_SOCIAL",2,40.0000000000000000
1204,NULL,1,20.0000000000000000
1205,"EMAIL",2,40.0000000000000000
1205,"OUTRO",2,40.0000000000000000
1205,"SITE_EVENTO",1,20.0000000000000000
1206,"INDICACAO",2,40.0000000000000000
1206,"REDE_SOCIAL",1,20.0000000000000000
1206,NULL,2,40.0000000000000000
1207,"EMAIL",1,20.0000000000000000
1207,"OUTRO",2,40.0000000000000000
1207,"SITE_EVENTO",2,40.0000000000000000
1208,"INDICACAO",1,20.0000000000000000
1208,"REDE_SOCIAL",2,40.0000000000000000
1208,NULL,2,40.0000000000000000
1209,"EMAIL",2,40.0000000000000000
1209,"OUTRO",1,20.0000000000000000
1209,"SITE_EVENTO",2,40.0000000000000000
1210,"INDICACAO",2,40.0000000000000000
1210,"REDE_SOCIAL",2,40.0000000000000000
1210,NULL,1,20.0000000000000000
1211,"EMAIL",2,40.0000000000000000
1211,"OUTRO",2,40.0000000000000000
1211,"SITE_EVENTO",1,20.0000000000000000
1212,"INDICACAO",2,40.0000000000000000
1212,"REDE_SOCIAL",1,20.0000000000000000
1212,NULL,2,40.0000000000000000
1213,"EMAIL",1,20.0000000000000000
1213,"OUTRO",2,40.0000000000000000
1213,"SITE_EVENTO",2,40.0000000000000000
1214,"INDICACAO",1,20.0000000000000000
1214,"REDE_SOCIAL",2,40.0000000000000000
1214,NULL,2,40.0000000000000000
1215,"EMAIL",2,40.0000000000000000
1215,"OUTRO",1,20.0000000000000000
1215,"SITE_EVENTO",2,40.0000000000000000
1216,"INDICACAO",2,40.0000000000000000
1216,"REDE_SOCIAL",2,40.0000000000000000
1216,NULL,1,20.0000000000000000
1217,"EMAIL",2,40.0000000000000000
1217,"OUTRO",2,40.0000000000000000
1217,"SITE_EVENTO",1,20.0000000000000000
1218,"INDICACAO",2,40.0000000000000000
1218,"REDE_SOCIAL",1,20.0000000000000000
1218,NULL,2,40.0000000000000000
1219,"EMAIL",1,20.0000000000000000
1219,"OUTRO",2,40.0000000000000000
1219,"SITE_EVENTO",2,40.0000000000000000
1220,"INDICACAO",1,20.0000000000000000
1220,"REDE_SOCIAL",2,40.0000000000000000
1220,NULL,2,40.0000000000000000
1221,"EMAIL",2,40.0000000000000000
1221,"OUTRO",1,20.0000000000000000
1221,"SITE_EVENTO",2,40.0000000000000000
1222,"INDICACAO",2,40.0000000000000000
1222,"REDE_SOCIAL",2,40.0000000000000000
1222,NULL,1,20.0000000000000000
1223,"EMAIL",2,40.0000000000000000
1223,"OUTRO",2,40.0000000000000000
1223,"SITE_EVENTO",1,20.0000000000000000
1224,"INDICACAO",2,40.0000000000000000
1224,"REDE_SOCIAL",1,20.0000000000000000
1224,NULL,2,40.0000000000000000
1225,"EMAIL",1,20.0000000000000000
1225,"OUTRO",2,40.0000000000000000
1225,"SITE_EVENTO",2,40.0000000000000000
1226,"INDICACAO",1,20.0000000000000000
1226,"REDE_SOCIAL",2,40.0000000000000000
1226,NULL,2,40.0000000000000000
1227,"EMAIL",2,40.0000000000000000
1227,"OUTRO",1,20.0000000000000000
1227,"SITE_EVENTO",2,40.0000000000000000
1228,"INDICACAO",2,40.0000000000000000
1228,"REDE_SOCIAL",2,40.0000000000000000
1228,NULL,1,20.0000000000000000
1229,"EMAIL",2,40.0000000000000000
1229,"OUTRO",2,40.0000000000000000
1229,"SITE_EVENTO",1,20.0000000000000000
1230,"INDICACAO",2,40.0000000000000000
1230,"REDE_SOCIAL",1,20.0000000000000000
1230,NULL,2,40.0000000000000000
1231,"EMAIL",1,20.0000000000000000
1231,"OUTRO",2,40.0000000000000000
1231,"SITE_EVENTO",2,40.0000000000000000
1232,"INDICACAO",1,20.0000000000000000
1232,"REDE_SOCIAL",2,40.0000000000000000
1232,NULL,2,40.0000000000000000
1233,"EMAIL",2,40.0000000000000000
1233,"OUTRO",1,20.0000000000000000
1233,"SITE_EVENTO",2,40.0000000000000000
1234,"INDICACAO",2,40.0000000000000000
1234,"REDE_SOCIAL",2,40.0000000000000000
1234,NULL,1,20.0000000000000000
1235,"EMAIL",2,40.0000000000000000
1235,"OUTRO",2,40.0000000000000000
1235,"SITE_EVENTO",1,20.0000000000000000
1236,"INDICACAO",2,40.0000000000000000
1236,"REDE_SOCIAL",1,20.0000000000000000
1236,NULL,2,40.0000000000000000
1237,"EMAIL",1,20.0000000000000000
1237,"OUTRO",2,40.0000000000000000
1237,"SITE_EVENTO",2,40.0000000000000000
1238,"INDICACAO",1,20.0000000000000000
1238,"REDE_SOCIAL",2,40.0000000000000000
1238,NULL,2,40.0000000000000000
1239,"EMAIL",2,40.0000000000000000
1239,"OUTRO",1,20.0000000000000000
1239,"SITE_EVENTO",2,40.0000000000000000
1240,"INDICACAO",2,40.0000000000000000
1240,"REDE_SOCIAL",2,40.0000000000000000
1240,NULL,1,20.0000000000000000
1241,"EMAIL",2,40.0000000000000000
1241,"OUTRO",2,40.0000000000000000
1241,"SITE_EVENTO",1,20.0000000000000000
1242,"INDICACAO",2,40.0000000000000000
1242,"REDE_SOCIAL",1,20.0000000000000000
1242,NULL,2,40.0000000000000000
1243,"EMAIL",1,20.0000000000000000
1243,"OUTRO",2,40.0000000000000000
1243,"SITE_EVENTO",2,40.0000000000000000
1244,"INDICACAO",1,20.0000000000000000
1244,"REDE_SOCIAL",2,40.0000000000000000
1244,NULL,2,40.0000000000000000
1245,"EMAIL",2,40.0000000000000000
1245,"OUTRO",1,20.0000000000000000
1245,"SITE_EVENTO",2,40.0000000000000000
1246,"INDICACAO",2,40.0000000000000000
1246,"REDE_SOCIAL",2,40.0000000000000000
1246,NULL,1,20.0000000000000000
1247,"EMAIL",2,40.0000000000000000
1247,"OUTRO",2,40.0000000000000000
1247,"SITE_EVENTO",1,20.0000000000000000
1248,"INDICACAO",2,40.0000000000000000
1248,"REDE_SOCIAL",1,20.0000000000000000
1248,NULL,2,40.0000000000000000
1249,"EMAIL",1,20.0000000000000000
1249,"OUTRO",2,40.0000000000000000
1249,"SITE_EVENTO",2,40.0000000000000000
1250,"INDICACAO",1,20.0000000000000000
1250,"REDE_SOCIAL",2,40.0000000000000000
1250,NULL,2,40.0000000000000000
1251,"EMAIL",2,40.0000000000000000
1251,"OUTRO",1,20.0000000000000000
1251,"SITE_EVENTO",2,40.0000000000000000
1252,"INDICACAO",2,40.0000000000000000
1252,"REDE_SOCIAL",2,40.0000000000000000
1252,NULL,1,20.0000000000000000
1253,"EMAIL",2,40.0000000000000000
1253,"OUTRO",2,40.0000000000000000
1253,"SITE_EVENTO",1,20.0000000000000000
1254,"INDICACAO",2,40.0000000000000000
1254,"REDE_SOCIAL",1,20.0000000000000000
1254,NULL,2,40.0000000000000000
1255,"EMAIL",1,20.0000000000000000
1255,"OUTRO",2,40.0000000000000000
1255,"SITE_EVENTO",2,40.0000000000000000
1256,"INDICACAO",1,20.0000000000000000
1256,"REDE_SOCIAL",2,40.0000000000000000
1256,NULL,2,40.0000000000000000
1257,"EMAIL",2,40.0000000000000000
1257,"OUTRO",1,20.0000000000000000
1257,"SITE_EVENTO",2,40.0000000000000000
1258,"INDICACAO",2,40.0000000000000000
1258,"REDE_SOCIAL",2,40.0000000000000000
1258,NULL,1,20.0000000000000000
1259,"EMAIL",2,40.0000000000000000
1259,"OUTRO",2,40.0000000000000000
1259,"SITE_EVENTO",1,20.0000000000000000
1260,"INDICACAO",2,40.0000000000000000
1260,"REDE_SOCIAL",1,20.0000000000000000
1260,NULL,2,40.0000000000000000
1261,"EMAIL",1,20.0000000000000000
1261,"OUTRO",2,40.0000000000000000
1261,"SITE_EVENTO",2,40.0000000000000000
1262,"INDICACAO",1,20.0000000000000000
1262,"REDE_SOCIAL",2,40.0000000000000000
1262,NULL,2,40.0000000000000000
1263,"EMAIL",2,40.0000000000000000
1263,"OUTRO",1,20.0000000000000000
1263,"SITE_EVENTO",2,40.0000000000000000
1264,"INDICACAO",2,40.0000000000000000
1264,"REDE_SOCIAL",2,40.0000000000000000
1264,NULL,1,20.0000000000000000
1265,"EMAIL",2,40.0000000000000000
1265,"OUTRO",2,40.0000000000000000
1265,"SITE_EVENTO",1,20.0000000000000000
1266,"INDICACAO",2,40.0000000000000000
1266,"REDE_SOCIAL",1,20.0000000000000000
1266,NULL,2,40.0000000000000000
1267,"EMAIL",1,20.0000000000000000
1267,"OUTRO",2,40.0000000000000000
1267,"SITE_EVENTO",2,40.0000000000000000
1268,"INDICACAO",1,20.0000000000000000
1268,"REDE_SOCIAL",2,40.0000000000000000
1268,NULL,2,40.0000000000000000
1269,"EMAIL",2,40.0000000000000000
1269,"OUTRO",1,20.0000000000000000
1269,"SITE_EVENTO",2,40.0000000000000000
1270,"INDICACAO",2,40.0000000000000000
1270,"REDE_SOCIAL",2,40.0000000000000000
1270,NULL,1,20.0000000000000000
1271,"EMAIL",2,40.0000000000000000
1271,"OUTRO",2,40.0000000000000000
1271,"SITE_EVENTO",1,20.0000000000000000
1272,"INDICACAO",2,40.0000000000000000
1272,"REDE_SOCIAL",1,20.0000000000000000
1272,NULL,2,40.0000000000000000
1273,"EMAIL",1,20.0000000000000000
1273,"OUTRO",2,40.0000000000000000
1273,"SITE_EVENTO",2,40.0000000000000000
1274,"INDICACAO",1,20.0000000000000000
1274,"REDE_SOCIAL",2,40.0000000000000000
1274,NULL,2,40.0000000000000000
1275,"EMAIL",2,40.0000000000000000
1275,"OUTRO",1,20.0000000000000000
1275,"SITE_EVENTO",2,40.0000000000000000
1276,"INDICACAO",2,40.0000000000000000
1276,"REDE_SOCIAL",2,40.0000000000000000
1276,NULL,1,20.0000000000000000
1277,"EMAIL",2,40.0000000000000000
1277,"OUTRO",2,40.0000000000000000
1277,"SITE_EVENTO",1,20.0000000000000000
1278,"INDICACAO",2,40.0000000000000000
1278,"REDE_SOCIAL",1,20.0000000000000000
1278,NULL,2,40.0000000000000000
1279,"EMAIL",1,20.0000000000000000
1279,"OUTRO",2,40.0000000000000000
1279,"SITE_EVENTO",2,40.0000000000000000
1280,"INDICACAO",1,20.0000000000000000
1280,"REDE_SOCIAL",2,40.0000000000000000
1280,NULL,2,40.0000000000000000
1281,"EMAIL",2,40.0000000000000000
1281,"OUTRO",1,20.0000000000000000
1281,"SITE_EVENTO",2,40.0000000000000000
1282,"INDICACAO",2,40.0000000000000000
1282,"REDE_SOCIAL",2,40.0000000000000000
1282,NULL,1,20.0000000000000000
1283,"EMAIL",2,40.0000000000000000
1283,"OUTRO",2,40.0000000000000000
1283,"SITE_EVENTO",1,20.0000000000000000
1284,"INDICACAO",2,40.0000000000000000
1284,"REDE_SOCIAL",1,20.0000000000000000
1284,NULL,2,40.0000000000000000
1285,"EMAIL",1,20.0000000000000000
1285,"OUTRO",2,40.0000000000000000
1285,"SITE_EVENTO",2,40.0000000000000000
1286,"INDICACAO",1,20.0000000000000000
1286,"REDE_SOCIAL",2,40.0000000000000000
1286,NULL,2,40.0000000000000000
1287,"EMAIL",2,40.0000000000000000
1287,"OUTRO",1,20.0000000000000000
1287,"SITE_EVENTO",2,40.0000000000000000
1288,"INDICACAO",2,40.0000000000000000
1288,"REDE_SOCIAL",2,40.0000000000000000
1288,NULL,1,20.0000000000000000
1289,"EMAIL",2,40.0000000000000000
1289,"OUTRO",2,40.0000000000000000
1289,"SITE_EVENTO",1,20.0000000000000000
1290,"INDICACAO",2,40.0000000000000000
1290,"REDE_SOCIAL",1,20.0000000000000000
1290,NULL,2,40.0000000000000000
1291,"EMAIL",1,20.0000000000000000
1291,"OUTRO",2,40.0000000000000000
1291,"SITE_EVENTO",2,40.0000000000000000
1292,"INDICACAO",1,20.0000000000000000
1292,"REDE_SOCIAL",2,40.0000000000000000
1292,NULL,2,40.0000000000000000
1293,"EMAIL",2,40.0000000000000000
1293,"OUTRO",1,20.0000000000000000
1293,"SITE_EVENTO",2,40.0000000000000000
1294,"INDICACAO",2,40.0000000000000000
1294,"REDE_SOCIAL",2,40.0000000000000000
1294,NULL,1,20.0000000000000000
1295,"EMAIL",2,40.0000000000000000
1295,"OUTRO",2,40.0000000000000000
1295,"SITE_EVENTO",1,20.0000000000000000
1296,"INDICACAO",2,40.0000000000000000
1296,"REDE_SOCIAL",1,20.0000000000000000
1296,NULL,2,40.0000000000000000
1297,"EMAIL",1,20.0000000000000000
1297,"OUTRO",2,40.0000000000000000
1297,"SITE_EVENTO",2,40.0000000000000000
1298,"INDICACAO",1,20.0000000000000000
1298,"REDE_SOCIAL",2,40.0000000000000000
1298,NULL,2,40.0000000000000000
1299,"EMAIL",2,40.0000000000000000
1299,"OUTRO",1,20.0000000000000000
1299,"SITE_EVENTO",2,40.0000000000000000
1300,"INDICACAO",2,40.0000000000000000
1300,"REDE_SOCIAL",2,40.0000000000000000
1300,NULL,1,20.0000000000000000
1301,"EMAIL",2,40.0000000000000000
1301,"OUTRO",2,40.0000000000000000
1301,"SITE_EVENTO",1,20.0000000000000000
1302,"INDICACAO",2,40.0000000000000000
1302,"REDE_SOCIAL",1,20.0000000000000000
1302,NULL,2,40.0000000000000000
1303,"EMAIL",1,20.0000000000000000
1303,"OUTRO",2,40.0000000000000000
1303,"SITE_EVENTO",2,40.0000000000000000
1304,"INDICACAO",1,20.0000000000000000
1304,"REDE_SOCIAL",2,40.0000000000000000
1304,NULL,2,40.0000000000000000
1305,"EMAIL",2,40.0000000000000000
1305,"OUTRO",1,20.0000000000000000
1305,"SITE_EVENTO",2,40.0000000000000000
1306,"INDICACAO",2,40.0000000000000000
1306,"REDE_SOCIAL",2,40.0000000000000000
1306,NULL,1,20.0000000000000000
1307,"EMAIL",2,40.0000000000000000
1307,"OUTRO",2,40.0000000000000000
1307,"SITE_EVENTO",1,20.0000000000000000
1308,"INDICACAO",2,40.0000000000000000
1308,"REDE_SOCIAL",1,20.0000000000000000
1308,NULL,2,40.0000000000000000
1309,"EMAIL",1,20.0000000000000000
1309,"OUTRO",2,40.0000000000000000
1309,"SITE_EVENTO",2,40.0000000000000000
1310,"INDICACAO",1,20.0000000000000000
1310,"REDE_SOCIAL",2,40.0000000000000000
1310,NULL,2,40.0000000000000000
1311,"EMAIL",2,40.0000000000000000
1311,"OUTRO",1,20.0000000000000000
1311,"SITE_EVENTO",2,40.0000000000000000
1312,"INDICACAO",2,40.0000000000000000
1312,"REDE_SOCIAL",2,40.0000000000000000
1312,NULL,1,20.0000000000000000
1313,"EMAIL",2,40.0000000000000000
1313,"OUTRO",2,40.0000000000000000
1313,"SITE_EVENTO",1,20.0000000000000000
1314,"INDICACAO",2,40.0000000000000000
1314,"REDE_SOCIAL",1,20.0000000000000000
1314,NULL,2,40.0000000000000000
1315,"EMAIL",1,20.0000000000000000
1315,"OUTRO",2,40.0000000000000000
1315,"SITE_EVENTO",2,40.0000000000000000
1316,"INDICACAO",1,20.0000000000000000
1316,"REDE_SOCIAL",2,40.0000000000000000
1316,NULL,2,40.0000000000000000
1317,"EMAIL",2,40.0000000000000000
1317,"OUTRO",1,20.0000000000000000
1317,"SITE_EVENTO",2,40.0000000000000000
1318,"INDICACAO",2,40.0000000000000000
1318,"REDE_SOCIAL",2,40.0000000000000000
1318,NULL,1,20.0000000000000000
1319,"EMAIL",2,40.0000000000000000
1319,"OUTRO",2,40.0000000000000000
1319,"SITE_EVENTO",1,20.0000000000000000
1320,"INDICACAO",2,40.0000000000000000
1320,"REDE_SOCIAL",1,20.0000000000000000
1320,NULL,2,40.0000000000000000
1321,"EMAIL",1,20.0000000000000000
1321,"OUTRO",2,40.0000000000000000
1321,"SITE_EVENTO",2,40.0000000000000000
1322,"INDICACAO",1,20.0000000000000000
1322,"REDE_SOCIAL",2,40.0000000000000000
1322,NULL,2,40.0000000000000000
1323,"EMAIL",2,40.0000000000000000
1323,"OUTRO",1,20.0000000000000000
1323,"SITE_EVENTO",2,40.0000000000000000
1324,"INDICACAO",2,40.0000000000000000
1324,"REDE_SOCIAL",2,40.0000000000000000
1324,NULL,1,20.0000000000000000
1325,"EMAIL",2,40.0000000000000000
1325,"OUTRO",2,40.0000000000000000
1325,"SITE_EVENTO",1,20.0000000000000000
1326,"INDICACAO",2,40.0000000000000000
1326,"REDE_SOCIAL",1,20.0000000000000000
1326,NULL,2,40.0000000000000000
1327,"EMAIL",1,20.0000000000000000
1327,"OUTRO",2,40.0000000000000000
1327,"SITE_EVENTO",2,40.0000000000000000
1328,"INDICACAO",1,20.0000000000000000
1328,"REDE_SOCIAL",2,40.0000000000000000
1328,NULL,2,40.0000000000000000
1329,"EMAIL",2,40.0000000000000000
1329,"OUTRO",1,20.0000000000000000
1329,"SITE_EVENTO",2,40.0000000000000000
1330,"INDICACAO",2,40.0000000000000000
1330,"REDE_SOCIAL",2,40.0000000000000000
1330,NULL,1,20.0000000000000000
1331,"EMAIL",2,40.0000000000000000
1331,"OUTRO",2,40.0000000000000000
1331,"SITE_EVENTO",1,20.0000000000000000
1332,"INDICACAO",2,40.0000000000000000
1332,"REDE_SOCIAL",1,20.0000000000000000
1332,NULL,2,40.0000000000000000
1333,"EMAIL",1,20.0000000000000000
1333,"OUTRO",2,40.0000000000000000
1333,"SITE_EVENTO",2,40.0000000000000000
1334,"INDICACAO",1,20.0000000000000000
1334,"REDE_SOCIAL",2,40.0000000000000000
1334,NULL,2,40.0000000000000000
1335,"EMAIL",2,40.0000000000000000
1335,"OUTRO",1,20.0000000000000000
1335,"SITE_EVENTO",2,40.0000000000000000
1336,"INDICACAO",2,40.0000000000000000
1336,"REDE_SOCIAL",2,40.0000000000000000
1336,NULL,1,20.0000000000000000
1337,"EMAIL",2,40.0000000000000000
1337,"OUTRO",2,40.0000000000000000
1337,"SITE_EVENTO",1,20.0000000000000000
1338,"INDICACAO",2,40.0000000000000000
1338,"REDE_SOCIAL",1,20.0000000000000000
1338,NULL,2,40.0000000000000000
1339,"EMAIL",1,20.0000000000000000
1339,"OUTRO",2,40.0000000000000000
1339,"SITE_EVENTO",2,40.0000000000000000
1340,"INDICACAO",1,20.0000000000000000
1340,"REDE_SOCIAL",2,40.0000000000000000
1340,NULL,2,40.0000000000000000
1341,"EMAIL",2,40.0000000000000000
1341,"OUTRO",1,20.0000000000000000
1341,"SITE_EVENTO",2,40.0000000000000000
1342,"INDICACAO",2,40.0000000000000000
1342,"REDE_SOCIAL",2,40.0000000000000000
1342,NULL,1,20.0000000000000000
1343,"EMAIL",2,40.0000000000000000
1343,"OUTRO",2,40.0000000000000000
1343,"SITE_EVENTO",1,20.0000000000000000
1344,"INDICACAO",2,40.0000000000000000
1344,"REDE_SOCIAL",1,20.0000000000000000
1344,NULL,2,40.0000000000000000
1345,"EMAIL",1,20.0000000000000000
1345,"OUTRO",2,40.0000000000000000
1345,"SITE_EVENTO",2,40.0000000000000000
1346,"INDICACAO",1,20.0000000000000000
1346,"REDE_SOCIAL",2,40.0000000000000000
1346,NULL,2,40.0000000000000000
1347,"EMAIL",2,40.0000000000000000
1347,"OUTRO",1,20.0000000000000000
1347,"SITE_EVENTO",2,40.0000000000000000
1348,"INDICACAO",2,40.0000000000000000
1348,"REDE_SOCIAL",2,40.0000000000000000
1348,NULL,1,20.0000000000000000
1349,"EMAIL",2,40.0000000000000000
1349,"OUTRO",2,40.0000000000000000
1349,"SITE_EVENTO",1,20.0000000000000000
1350,"INDICACAO",2,40.0000000000000000
1350,"REDE_SOCIAL",1,20.0000000000000000
1350,NULL,2,40.0000000000000000
1351,"EMAIL",1,20.0000000000000000
1351,"OUTRO",2,40.0000000000000000
1351,"SITE_EVENTO",2,40.0000000000000000
1352,"INDICACAO",1,20.0000000000000000
1352,"REDE_SOCIAL",2,40.0000000000000000
1352,NULL,2,40.0000000000000000
1353,"EMAIL",2,40.0000000000000000
1353,"OUTRO",1,20.0000000000000000
1353,"SITE_EVENTO",2,40.0000000000000000
1354,"INDICACAO",2,40.0000000000000000
1354,"REDE_SOCIAL",2,40.0000000000000000
1354,NULL,1,20.0000000000000000
1355,"EMAIL",2,40.0000000000000000
1355,"OUTRO",2,40.0000000000000000
1355,"SITE_EVENTO",1,20.0000000000000000
1356,"INDICACAO",2,40.0000000000000000
1356,"REDE_SOCIAL",1,20.0000000000000000
1356,NULL,2,40.0000000000000000
1357,"EMAIL",1,20.0000000000000000
1357,"OUTRO",2,40.0000000000000000
1357,"SITE_EVENTO",2,40.0000000000000000
1358,"INDICACAO",1,20.0000000000000000
1358,"REDE_SOCIAL",2,40.0000000000000000
1358,NULL,2,40.0000000000000000
1359,"EMAIL",2,40.0000000000000000
1359,"OUTRO",1,20.0000000000000000
1359,"SITE_EVENTO",2,40.0000000000000000
1360,"INDICACAO",2,40.0000000000000000
1360,"REDE_SOCIAL",2,40.0000000000000000
1360,NULL,1,20.0000000000000000
1361,"EMAIL",2,40.0000000000000000
1361,"OUTRO",2,40.0000000000000000
1361,"SITE_EVENTO",1,20.0000000000000000
1362,"INDICACAO",2,40.0000000000000000
1362,"REDE_SOCIAL",1,20.0000000000000000
1362,NULL,2,40.0000000000000000
1363,"EMAIL",1,20.0000000000000000
1363,"OUTRO",2,40.0000000000000000
1363,"SITE_EVENTO",2,40.0000000000000000
1364,"INDICACAO",1,20.0000000000000000
1364,"REDE_SOCIAL",2,40.0000000000000000
1364,NULL,2,40.0000000000000000
1365,"EMAIL",2,40.0000000000000000
1365,"OUTRO",1,20.0000000000000000
1365,"SITE_EVENTO",2,40.0000000000000000
1366,"INDICACAO",2,40.0000000000000000
1366,"REDE_SOCIAL",2,40.0000000000000000
1366,NULL,1,20.0000000000000000
1367,"EMAIL",2,40.0000000000000000
1367,"OUTRO",2,40.0000000000000000
1367,"SITE_EVENTO",1,20.0000000000000000
1368,"INDICACAO",2,40.0000000000000000
1368,"REDE_SOCIAL",1,20.0000000000000000
1368,NULL,2,40.0000000000000000
1369,"EMAIL",1,20.0000000000000000
1369,"OUTRO",2,40.0000000000000000
1369,"SITE_EVENTO",2,40.0000000000000000
1370,"INDICACAO",1,20.0000000000000000
1370,"REDE_SOCIAL",2,40.0000000000000000
1370,NULL,2,40.0000000000000000
1371,"EMAIL",2,40.0000000000000000
1371,"OUTRO",1,20.0000000000000000
1371,"SITE_EVENTO",2,40.0000000000000000
1372,"INDICACAO",2,40.0000000000000000
1372,"REDE_SOCIAL",2,40.0000000000000000
1372,NULL,1,20.0000000000000000
1373,"EMAIL",2,40.0000000000000000
1373,"OUTRO",2,40.0000000000000000
1373,"SITE_EVENTO",1,20.0000000000000000
1374,"INDICACAO",2,40.0000000000000000
1374,"REDE_SOCIAL",1,20.0000000000000000
1374,NULL,2,40.0000000000000000
1375,"EMAIL",1,20.0000000000000000
1375,"OUTRO",2,40.0000000000000000
1375,"SITE_EVENTO",2,40.0000000000000000
1376,"INDICACAO",1,20.0000000000000000
1376,"REDE_SOCIAL",2,40.0000000000000000
1376,NULL,2,40.0000000000000000
1377,"EMAIL",2,40.0000000000000000
1377,"OUTRO",1,20.0000000000000000
1377,"SITE_EVENTO",2,40.0000000000000000
1378,"INDICACAO",2,40.0000000000000000
1378,"REDE_SOCIAL",2,40.0000000000000000
1378,NULL,1,20.0000000000000000
1379,"EMAIL",2,40.0000000000000000
1379,"OUTRO",2,40.0000000000000000
1379,"SITE_EVENTO",1,20.0000000000000000
1380,"INDICACAO",2,40.0000000000000000
1380,"REDE_SOCIAL",1,20.0000000000000000
1380,NULL,2,40.0000000000000000
1381,"EMAIL",1,20.0000000000000000
1381,"OUTRO",2,40.0000000000000000
1381,"SITE_EVENTO",2,40.0000000000000000
1382,"INDICACAO",1,20.0000000000000000
1382,"REDE_SOCIAL",2,40.0000000000000000
1382,NULL,2,40.0000000000000000
1383,"EMAIL",2,40.0000000000000000
1383,"OUTRO",1,20.0000000000000000
1383,"SITE_EVENTO",2,40.0000000000000000
1384,"INDICACAO",2,40.0000000000000000
1384,"REDE_SOCIAL",2,40.0000000000000000
1384,NULL,1,20.0000000000000000
1385,"EMAIL",2,40.0000000000000000
1385,"OUTRO",2,40.0000000000000000
1385,"SITE_EVENTO",1,20.0000000000000000
1386,"INDICACAO",2,40.0000000000000000
1386,"REDE_SOCIAL",1,20.0000000000000000
1386,NULL,2,40.0000000000000000
1387,"EMAIL",1,20.0000000000000000
1387,"OUTRO",2,40.0000000000000000
1387,"SITE_EVENTO",2,40.0000000000000000
1388,"INDICACAO",1,20.0000000000000000
1388,"REDE_SOCIAL",2,40.0000000000000000
1388,NULL,2,40.0000000000000000
1389,"EMAIL",2,40.0000000000000000
1389,"OUTRO",1,20.0000000000000000
1389,"SITE_EVENTO",2,40.0000000000000000
1390,"INDICACAO",2,40.0000000000000000
1390,"REDE_SOCIAL",2,40.0000000000000000
1390,NULL,1,20.0000000000000000
1391,"EMAIL",2,40.0000000000000000
1391,"OUTRO",2,40.0000000000000000
1391,"SITE_EVENTO",1,20.0000000000000000
1392,"INDICACAO",2,40.0000000000000000
1392,"REDE_SOCIAL",1,20.0000000000000000
1392,NULL,2,40.0000000000000000
1393,"EMAIL",1,20.0000000000000000
1393,"OUTRO",2,40.0000000000000000
1393,"SITE_EVENTO",2,40.0000000000000000
1394,"INDICACAO",1,20.0000000000000000
1394,"REDE_SOCIAL",2,40.0000000000000000
1394,NULL,2,40.0000000000000000
1395,"EMAIL",2,40.0000000000000000
1395,"OUTRO",1,20.0000000000000000
1395,"SITE_EVENTO",2,40.0000000000000000
1396,"INDICACAO",2,40.0000000000000000
1396,"REDE_SOCIAL",2,40.0000000000000000
1396,NULL,1,20.0000000000000000
1397,"EMAIL",2,40.0000000000000000
1397,"OUTRO",2,40.0000000000000000
1397,"SITE_EVENTO",1,20.0000000000000000
1398,"INDICACAO",2,40.0000000000000000
1398,"REDE_SOCIAL",1,20.0000000000000000
1398,NULL,2,40.0000000000000000
1399,"EMAIL",1,20.0000000000000000
1399,"OUTRO",2,40.0000000000000000
1399,"SITE_EVENTO",2,40.0000000000000000
1400,"INDICACAO",1,20.0000000000000000
1400,"REDE_SOCIAL",2,40.0000000000000000
1400,NULL,2,40.0000000000000000
1401,"EMAIL",2,40.0000000000000000
1401,"OUTRO",1,20.0000000000000000
1401,"SITE_EVENTO",2,40.0000000000000000
1402,"INDICACAO",2,40.0000000000000000
1402,"REDE_SOCIAL",2,40.0000000000000000
1402,NULL,1,20.0000000000000000
1403,"EMAIL",2,40.0000000000000000
1403,"OUTRO",2,40.0000000000000000
1403,"SITE_EVENTO",1,20.0000000000000000
1404,"INDICACAO",2,40.0000000000000000
1404,"REDE_SOCIAL",1,20.0000000000000000
1404,NULL,2,40.0000000000000000
1405,"EMAIL",1,20.0000000000000000
1405,"OUTRO",2,40.0000000000000000
1405,"SITE_EVENTO",2,40.0000000000000000
1406,"INDICACAO",1,20.0000000000000000
1406,"REDE_SOCIAL",2,40.0000000000000000
1406,NULL,2,40.0000000000000000
1407,"EMAIL",2,40.0000000000000000
1407,"OUTRO",1,20.0000000000000000
1407,"SITE_EVENTO",2,40.0000000000000000
1408,"INDICACAO",2,40.0000000000000000
1408,"REDE_SOCIAL",2,40.0000000000000000
1408,NULL,1,20.0000000000000000
1409,"EMAIL",2,40.0000000000000000
1409,"OUTRO",2,40.0000000000000000
1409,"SITE_EVENTO",1,20.0000000000000000
1410,"INDICACAO",2,40.0000000000000000
1410,"REDE_SOCIAL",1,20.0000000000000000
1410,NULL,2,40.0000000000000000
1411,"EMAIL",1,20.0000000000000000
1411,"OUTRO",2,40.0000000000000000
1411,"SITE_EVENTO",2,40.0000000000000000
1412,"INDICACAO",1,20.0000000000000000
1412,"REDE_SOCIAL",2,40.0000000000000000
1412,NULL,2,40.0000000000000000
1413,"EMAIL",2,40.0000000000000000
1413,"OUTRO",1,20.0000000000000000
1413,"SITE_EVENTO",2,40.0000000000000000
1414,"INDICACAO",2,40.0000000000000000
1414,"REDE_SOCIAL",2,40.0000000000000000
1414,NULL,1,20.0000000000000000
1415,"EMAIL",2,40.0000000000000000
1415,"OUTRO",2,40.0000000000000000
1415,"SITE_EVENTO",1,20.0000000000000000
1416,"INDICACAO",2,40.0000000000000000
1416,"REDE_SOCIAL",1,20.0000000000000000
1416,NULL,2,40.0000000000000000
1417,"EMAIL",1,20.0000000000000000
1417,"OUTRO",2,40.0000000000000000
1417,"SITE_EVENTO",2,40.0000000000000000
1418,"INDICACAO",1,20.0000000000000000
1418,"REDE_SOCIAL",2,40.0000000000000000
1418,NULL,2,40.0000000000000000
1419,"EMAIL",2,40.0000000000000000
1419,"OUTRO",1,20.0000000000000000
1419,"SITE_EVENTO",2,40.0000000000000000
1420,"INDICACAO",2,40.0000000000000000
1420,"REDE_SOCIAL",2,40.0000000000000000
1420,NULL,1,20.0000000000000000
1421,"EMAIL",2,40.0000000000000000
1421,"OUTRO",2,40.0000000000000000
1421,"SITE_EVENTO",1,20.0000000000000000
1422,"INDICACAO",2,40.0000000000000000
1422,"REDE_SOCIAL",1,20.0000000000000000
1422,NULL,2,40.0000000000000000
1423,"EMAIL",1,20.0000000000000000
1423,"OUTRO",2,40.0000000000000000
1423,"SITE_EVENTO",2,40.0000000000000000
1424,"INDICACAO",1,20.0000000000000000
1424,"REDE_SOCIAL",2,40.0000000000000000
1424,NULL,2,40.0000000000000000
1425,"EMAIL",2,40.0000000000000000
1425,"OUTRO",1,20.0000000000000000
1425,"SITE_EVENTO",2,40.0000000000000000
1426,"INDICACAO",2,40.0000000000000000
1426,"REDE_SOCIAL",2,40.0000000000000000
1426,NULL,1,20.0000000000000000
1427,"EMAIL",2,40.0000000000000000
1427,"OUTRO",2,40.0000000000000000
1427,"SITE_EVENTO",1,20.0000000000000000
1428,"INDICACAO",2,40.0000000000000000
1428,"REDE_SOCIAL",1,20.0000000000000000
1428,NULL,2,40.0000000000000000
1429,"EMAIL",1,20.0000000000000000
1429,"OUTRO",2,40.0000000000000000
1429,"SITE_EVENTO",2,40.0000000000000000
1430,"INDICACAO",1,20.0000000000000000
1430,"REDE_SOCIAL",2,40.0000000000000000
1430,NULL,2,40.0000000000000000
1431,"EMAIL",2,40.0000000000000000
1431,"OUTRO",1,20.0000000000000000
1431,"SITE_EVENTO",2,40.0000000000000000
1432,"INDICACAO",2,40.0000000000000000
1432,"REDE_SOCIAL",2,40.0000000000000000
1432,NULL,1,20.0000000000000000
1433,"EMAIL",2,40.0000000000000000
1433,"OUTRO",2,40.0000000000000000
1433,"SITE_EVENTO",1,20.0000000000000000
1434,"INDICACAO",2,40.0000000000000000
1434,"REDE_SOCIAL",1,20.0000000000000000
1434,NULL,2,40.0000000000000000
1435,"EMAIL",1,20.0000000000000000
1435,"OUTRO",2,40.0000000000000000
1435,"SITE_EVENTO",2,40.0000000000000000
1436,"INDICACAO",1,20.0000000000000000
1436,"REDE_SOCIAL",2,40.0000000000000000
1436,NULL,2,40.0000000000000000
1437,"EMAIL",2,40.0000000000000000
1437,"OUTRO",1,20.0000000000000000
1437,"SITE_EVENTO",2,40.0000000000000000
1438,"INDICACAO",2,40.0000000000000000
1438,"REDE_SOCIAL",2,40.0000000000000000
1438,NULL,1,20.0000000000000000
1439,"EMAIL",2,40.0000000000000000
1439,"OUTRO",2,40.0000000000000000
1439,"SITE_EVENTO",1,20.0000000000000000
1440,"INDICACAO",2,40.0000000000000000
1440,"REDE_SOCIAL",1,20.0000000000000000
1440,NULL,2,40.0000000000000000
1441,"EMAIL",1,20.0000000000000000
1441,"OUTRO",2,40.0000000000000000
1441,"SITE_EVENTO",2,40.0000000000000000
1442,"INDICACAO",1,20.0000000000000000
1442,"REDE_SOCIAL",2,40.0000000000000000
1442,NULL,2,40.0000000000000000
1443,"EMAIL",2,40.0000000000000000
1443,"OUTRO",1,20.0000000000000000
1443,"SITE_EVENTO",2,40.0000000000000000
1444,"INDICACAO",2,40.0000000000000000
1444,"REDE_SOCIAL",2,40.0000000000000000
1444,NULL,1,20.0000000000000000
1445,"EMAIL",2,40.0000000000000000
1445,"OUTRO",2,40.0000000000000000
1445,"SITE_EVENTO",1,20.0000000000000000
1446,"INDICACAO",2,40.0000000000000000
1446,"REDE_SOCIAL",1,20.0000000000000000
1446,NULL,2,40.0000000000000000
1447,"EMAIL",1,20.0000000000000000
1447,"OUTRO",2,40.0000000000000000
1447,"SITE_EVENTO",2,40.0000000000000000
1448,"INDICACAO",1,20.0000000000000000
1448,"REDE_SOCIAL",2,40.0000000000000000
1448,NULL,2,40.0000000000000000
1449,"EMAIL",2,40.0000000000000000
1449,"OUTRO",1,20.0000000000000000
1449,"SITE_EVENTO",2,40.0000000000000000
1450,"INDICACAO",2,40.0000000000000000
1450,"REDE_SOCIAL",2,40.0000000000000000
1450,NULL,1,20.0000000000000000
1451,"EMAIL",2,40.0000000000000000
1451,"OUTRO",2,40.0000000000000000
1451,"SITE_EVENTO",1,20.0000000000000000
1452,"INDICACAO",2,40.0000000000000000
1452,"REDE_SOCIAL",1,20.0000000000000000
1452,NULL,2,40.0000000000000000
1453,"EMAIL",1,20.0000000000000000
1453,"OUTRO",2,40.0000000000000000
1453,"SITE_EVENTO",2,40.0000000000000000
1454,"INDICACAO",1,20.0000000000000000
1454,"REDE_SOCIAL",2,40.0000000000000000
1454,NULL,2,40.0000000000000000
1455,"EMAIL",2,40.0000000000000000
1455,"OUTRO",1,20.0000000000000000
1455,"SITE_EVENTO",2,40.0000000000000000
1456,"INDICACAO",2,40.0000000000000000
1456,"REDE_SOCIAL",2,40.0000000000000000
1456,NULL,1,20.0000000000000000
1457,"EMAIL",2,40.0000000000000000
1457,"OUTRO",2,40.0000000000000000
1457,"SITE_EVENTO",1,20.0000000000000000
1458,"INDICACAO",2,40.0000000000000000
1458,"REDE_SOCIAL",1,20.0000000000000000
1458,NULL,2,40.0000000000000000
1459,"EMAIL",1,20.0000000000000000
1459,"OUTRO",2,40.0000000000000000
1459,"SITE_EVENTO",2,40.0000000000000000
1460,"INDICACAO",1,20.0000000000000000
1460,"REDE_SOCIAL",2,40.0000000000000000
1460,NULL,2,40.0000000000000000
1461,"EMAIL",2,40.0000000000000000
1461,"OUTRO",1,20.0000000000000000
1461,"SITE_EVENTO",2,40.0000000000000000
1462,"INDICACAO",2,40.0000000000000000
1462,"REDE_SOCIAL",2,40.0000000000000000
1462,NULL,1,20.0000000000000000
1463,"EMAIL",2,40.0000000000000000
1463,"OUTRO",2,40.0000000000000000
1463,"SITE_EVENTO",1,20.0000000000000000
1464,"INDICACAO",2,40.0000000000000000
1464,"REDE_SOCIAL",1,20.0000000000000000
1464,NULL,2,40.0000000000000000
1465,"EMAIL",1,20.0000000000000000
1465,"OUTRO",2,40.0000000000000000
1465,"SITE_EVENTO",2,40.0000000000000000
1466,"INDICACAO",1,20.0000000000000000
1466,"REDE_SOCIAL",2,40.0000000000000000
1466,NULL,2,40.0000000000000000
1467,"EMAIL",2,40.0000000000000000
1467,"OUTRO",1,20.0000000000000000
1467,"SITE_EVENTO",2,40.0000000000000000
1468,"INDICACAO",2,40.0000000000000000
1468,"REDE_SOCIAL",2,40.0000000000000000
1468,NULL,1,20.0000000000000000
1469,"EMAIL",2,40.0000000000000000
1469,"OUTRO",2,40.0000000000000000
1469,"SITE_EVENTO",1,20.0000000000000000
1470,"INDICACAO",2,40.0000000000000000
1470,"REDE_SOCIAL",1,20.0000000000000000
1470,NULL,2,40.0000000000000000
1471,"EMAIL",1,20.0000000000000000
1471,"OUTRO",2,40.0000000000000000
1471,"SITE_EVENTO",2,40.0000000000000000
1472,"INDICACAO",1,20.0000000000000000
1472,"REDE_SOCIAL",2,40.0000000000000000
1472,NULL,2,40.0000000000000000
1473,"EMAIL",2,40.0000000000000000
1473,"OUTRO",1,20.0000000000000000
1473,"SITE_EVENTO",2,40.0000000000000000
1474,"INDICACAO",2,40.0000000000000000
1474,"REDE_SOCIAL",2,40.0000000000000000
1474,NULL,1,20.0000000000000000
1475,"EMAIL",2,40.0000000000000000
1475,"OUTRO",2,40.0000000000000000
1475,"SITE_EVENTO",1,20.0000000000000000
1476,"INDICACAO",2,40.0000000000000000
1476,"REDE_SOCIAL",1,20.0000000000000000
1476,NULL,2,40.0000000000000000
1477,"EMAIL",1,20.0000000000000000
1477,"OUTRO",2,40.0000000000000000
1477,"SITE_EVENTO",2,40.0000000000000000
1478,"INDICACAO",1,20.0000000000000000
1478,"REDE_SOCIAL",2,40.0000000000000000
1478,NULL,2,40.0000000000000000
1479,"EMAIL",2,40.0000000000000000
1479,"OUTRO",1,20.0000000000000000
1479,"SITE_EVENTO",2,40.0000000000000000
1480,"INDICACAO",2,40.0000000000000000
1480,"REDE_SOCIAL",2,40.0000000000000000
1480,NULL,1,20.0000000000000000
1481,"EMAIL",2,40.0000000000000000
1481,"OUTRO",2,40.0000000000000000
1481,"SITE_EVENTO",1,20.0000000000000000
1482,"INDICACAO",2,40.0000000000000000
1482,"REDE_SOCIAL",1,20.0000000000000000
1482,NULL,2,40.0000000000000000
1483,"EMAIL",1,20.0000000000000000
1483,"OUTRO",2,40.0000000000000000
1483,"SITE_EVENTO",2,40.0000000000000000
1484,"INDICACAO",1,20.0000000000000000
1484,"REDE_SOCIAL",2,40.0000000000000000
1484,NULL,2,40.0000000000000000
1485,"EMAIL",2,40.0000000000000000
1485,"OUTRO",1,20.0000000000000000
1485,"SITE_EVENTO",2,40.0000000000000000
1486,"INDICACAO",2,40.0000000000000000
1486,"REDE_SOCIAL",2,40.0000000000000000
1486,NULL,1,20.0000000000000000
1487,"EMAIL",2,40.0000000000000000
1487,"OUTRO",2,40.0000000000000000
1487,"SITE_EVENTO",1,20.0000000000000000
1488,"INDICACAO",2,40.0000000000000000
1488,"REDE_SOCIAL",1,20.0000000000000000
1488,NULL,2,40.0000000000000000
1489,"EMAIL",1,20.0000000000000000
1489,"OUTRO",2,40.0000000000000000
1489,"SITE_EVENTO",2,40.0000000000000000
1490,"INDICACAO",1,20.0000000000000000
1490,"REDE_SOCIAL",2,40.0000000000000000
1490,NULL,2,40.0000000000000000
1491,"EMAIL",2,40.0000000000000000
1491,"OUTRO",1,20.0000000000000000
1491,"SITE_EVENTO",2,40.0000000000000000
1492,"INDICACAO",2,40.0000000000000000
1492,"REDE_SOCIAL",2,40.0000000000000000
1492,NULL,1,20.0000000000000000
1493,"EMAIL",2,40.0000000000000000
1493,"OUTRO",2,40.0000000000000000
1493,"SITE_EVENTO",1,20.0000000000000000
1494,"INDICACAO",2,40.0000000000000000
1494,"REDE_SOCIAL",1,20.0000000000000000
1494,NULL,2,40.0000000000000000
1495,"EMAIL",1,20.0000000000000000
1495,"OUTRO",2,40.0000000000000000
1495,"SITE_EVENTO",2,40.0000000000000000
1496,"INDICACAO",1,20.0000000000000000
1496,"REDE_SOCIAL",2,40.0000000000000000
1496,NULL,2,40.0000000000000000
1497,"EMAIL",2,40.0000000000000000
1497,"OUTRO",1,20.0000000000000000
1497,"SITE_EVENTO",2,40.0000000000000000
1498,"INDICACAO",2,40.0000000000000000
1498,"REDE_SOCIAL",2,40.0000000000000000
1498,NULL,1,20.0000000000000000
1499,"EMAIL",2,40.0000000000000000
1499,"OUTRO",2,40.0000000000000000
1499,"SITE_EVENTO",1,20.0000000000000000
1500,"INDICACAO",2,40.0000000000000000
1500,"REDE_SOCIAL",1,20.0000000000000000
1500,NULL,2,40.0000000000000000
1501,"EMAIL",1,20.0000000000000000
1501,"OUTRO",2,40.0000000000000000
1501,"SITE_EVENTO",2,40.0000000000000000
1502,"INDICACAO",1,20.0000000000000000
1502,"REDE_SOCIAL",2,40.0000000000000000
1502,NULL,2,40.0000000000000000
1503,"EMAIL",2,40.0000000000000000
1503,"OUTRO",1,20.0000000000000000
1503,"SITE_EVENTO",2,40.0000000000000000
1504,"INDICACAO",2,40.0000000000000000
1504,"REDE_SOCIAL",2,40.0000000000000000
1504,NULL,1,20.0000000000000000
1505,"EMAIL",2,40.0000000000000000
1505,"OUTRO",2,40.0000000000000000
1505,"SITE_EVENTO",1,20.0000000000000000
1506,"INDICACAO",2,40.0000000000000000
1506,"REDE_SOCIAL",1,20.0000000000000000
1506,NULL,2,40.0000000000000000
1507,"EMAIL",1,20.0000000000000000
1507,"OUTRO",2,40.0000000000000000
1507,"SITE_EVENTO",2,40.0000000000000000
1508,"INDICACAO",1,20.0000000000000000
1508,"REDE_SOCIAL",2,40.0000000000000000
1508,NULL,2,40.0000000000000000
1509,"EMAIL",2,40.0000000000000000
1509,"OUTRO",1,20.0000000000000000
1509,"SITE_EVENTO",2,40.0000000000000000
1510,"INDICACAO",2,40.0000000000000000
1510,"REDE_SOCIAL",2,40.0000000000000000
1510,NULL,1,20.0000000000000000
1511,"EMAIL",2,40.0000000000000000
1511,"OUTRO",2,40.0000000000000000
1511,"SITE_EVENTO",1,20.0000000000000000
1512,"INDICACAO",2,40.0000000000000000
1512,"REDE_SOCIAL",1,20.0000000000000000
1512,NULL,2,40.0000000000000000
1513,"EMAIL",1,20.0000000000000000
1513,"OUTRO",2,40.0000000000000000
1513,"SITE_EVENTO",2,40.0000000000000000
1514,"INDICACAO",1,20.0000000000000000
1514,"REDE_SOCIAL",2,40.0000000000000000
1514,NULL,2,40.0000000000000000
1515,"EMAIL",2,40.0000000000000000
1515,"OUTRO",1,20.0000000000000000
1515,"SITE_EVENTO",2,40.0000000000000000
1516,"INDICACAO",2,40.0000000000000000
1516,"REDE_SOCIAL",2,40.0000000000000000
1516,NULL,1,20.0000000000000000
1517,"EMAIL",2,40.0000000000000000
1517,"OUTRO",2,40.0000000000000000
1517,"SITE_EVENTO",1,20.0000000000000000
1518,"INDICACAO",2,40.0000000000000000
1518,"REDE_SOCIAL",1,20.0000000000000000
1518,NULL,2,40.0000000000000000
1519,"EMAIL",1,20.0000000000000000
1519,"OUTRO",2,40.0000000000000000
1519,"SITE_EVENTO",2,40.0000000000000000
1520,"INDICACAO",1,20.0000000000000000
1520,"REDE_SOCIAL",2,40.0000000000000000
1520,NULL,2,40.0000000000000000
1521,"EMAIL",2,40.0000000000000000
1521,"OUTRO",1,20.0000000000000000
1521,"SITE_EVENTO",2,40.0000000000000000
1522,"INDICACAO",2,40.0000000000000000
1522,"REDE_SOCIAL",2,40.0000000000000000
1522,NULL,1,20.0000000000000000
1523,"EMAIL",2,40.0000000000000000
1523,"OUTRO",2,40.0000000000000000
1523,"SITE_EVENTO",1,20.0000000000000000
1524,"INDICACAO",2,40.0000000000000000
1524,"REDE_SOCIAL",1,20.0000000000000000
1524,NULL,2,40.0000000000000000
1525,"EMAIL",1,20.0000000000000000
1525,"OUTRO",2,40.0000000000000000
1525,"SITE_EVENTO",2,40.0000000000000000
1526,"INDICACAO",1,20.0000000000000000
1526,"REDE_SOCIAL",2,40.0000000000000000
1526,NULL,2,40.0000000000000000
1527,"EMAIL",2,40.0000000000000000
1527,"OUTRO",1,20.0000000000000000
1527,"SITE_EVENTO",2,40.0000000000000000
1528,"INDICACAO",2,40.0000000000000000
1528,"REDE_SOCIAL",2,40.0000000000000000
1528,NULL,1,20.0000000000000000
1529,"EMAIL",2,40.0000000000000000
1529,"OUTRO",2,40.0000000000000000
1529,"SITE_EVENTO",1,20.0000000000000000
1530,"INDICACAO",2,40.0000000000000000
1530,"REDE_SOCIAL",1,20.0000000000000000
1530,NULL,2,40.0000000000000000
1531,"EMAIL",1,20.0000000000000000
1531,"OUTRO",2,40.0000000000000000
1531,"SITE_EVENTO",2,40.0000000000000000
1532,"INDICACAO",1,20.0000000000000000
1532,"REDE_SOCIAL",2,40.0000000000000000
1532,NULL,2,40.0000000000000000
1533,"EMAIL",2,40.0000000000000000
1533,"OUTRO",1,20.0000000000000000
1533,"SITE_EVENTO",2,40.0000000000000000
1534,"INDICACAO",2,40.0000000000000000
1534,"REDE_SOCIAL",2,40.0000000000000000
1534,NULL,1,20.0000000000000000
1535,"EMAIL",2,40.0000000000000000
1535,"OUTRO",2,40.0000000000000000
1535,"SITE_EVENTO",1,20.0000000000000000
1536,"INDICACAO",2,40.0000000000000000
1536,"REDE_SOCIAL",1,20.0000000000000000
1536,NULL,2,40.0000000000000000
1537,"EMAIL",1,20.0000000000000000
1537,"OUTRO",2,40.0000000000000000
1537,"SITE_EVENTO",2,40.0000000000000000
1538,"INDICACAO",1,20.0000000000000000
1538,"REDE_SOCIAL",2,40.0000000000000000
1538,NULL,2,40.0000000000000000
1539,"EMAIL",2,40.0000000000000000
1539,"OUTRO",1,20.0000000000000000
1539,"SITE_EVENTO",2,40.0000000000000000
1540,"INDICACAO",2,40.0000000000000000
1540,"REDE_SOCIAL",2,40.0000000000000000
1540,NULL,1,20.0000000000000000
1541,"EMAIL",2,40.0000000000000000
1541,"OUTRO",2,40.0000000000000000
1541,"SITE_EVENTO",1,20.0000000000000000
1542,"INDICACAO",2,40.0000000000000000
1542,"REDE_SOCIAL",1,20.0000000000000000
1542,NULL,2,40.0000000000000000
1543,"EMAIL",1,20.0000000000000000
1543,"OUTRO",2,40.0000000000000000
1543,"SITE_EVENTO",2,40.0000000000000000
1544,"INDICACAO",1,20.0000000000000000
1544,"REDE_SOCIAL",2,40.0000000000000000
1544,NULL,2,40.0000000000000000
1545,"EMAIL",2,40.0000000000000000
1545,"OUTRO",1,20.0000000000000000
1545,"SITE_EVENTO",2,40.0000000000000000
1546,"INDICACAO",2,40.0000000000000000
1546,"REDE_SOCIAL",2,40.0000000000000000
1546,NULL,1,20.0000000000000000
1547,"EMAIL",2,40.0000000000000000
1547,"OUTRO",2,40.0000000000000000
1547,"SITE_EVENTO",1,20.0000000000000000
1548,"INDICACAO",2,40.0000000000000000
1548,"REDE_SOCIAL",1,20.0000000000000000
1548,NULL,2,40.0000000000000000
1549,"EMAIL",1,20.0000000000000000
1549,"OUTRO",2,40.0000000000000000
1549,"SITE_EVENTO",2,40.0000000000000000
1550,"INDICACAO",1,20.0000000000000000
1550,"REDE_SOCIAL",2,40.0000000000000000
1550,NULL,2,40.0000000000000000
1551,"EMAIL",2,40.0000000000000000
1551,"OUTRO",1,20.0000000000000000
1551,"SITE_EVENTO",2,40.0000000000000000
1552,"INDICACAO",2,40.0000000000000000
1552,"REDE_SOCIAL",2,40.0000000000000000
1552,NULL,1,20.0000000000000000
1553,"EMAIL",2,40.0000000000000000
1553,"OUTRO",2,40.0000000000000000
1553,"SITE_EVENTO",1,20.0000000000000000
1554,"INDICACAO",2,40.0000000000000000
1554,"REDE_SOCIAL",1,20.0000000000000000
1554,NULL,2,40.0000000000000000
1555,"EMAIL",1,20.0000000000000000
1555,"OUTRO",2,40.0000000000000000
1555,"SITE_EVENTO",2,40.0000000000000000
1556,"INDICACAO",1,20.0000000000000000
1556,"REDE_SOCIAL",2,40.0000000000000000
1556,NULL,2,40.0000000000000000
1557,"EMAIL",2,40.0000000000000000
1557,"OUTRO",1,20.0000000000000000
1557,"SITE_EVENTO",2,40.0000000000000000
1558,"INDICACAO",2,40.0000000000000000
1558,"REDE_SOCIAL",2,40.0000000000000000
1558,NULL,1,20.0000000000000000
1559,"EMAIL",2,40.0000000000000000
1559,"OUTRO",2,40.0000000000000000
1559,"SITE_EVENTO",1,20.0000000000000000
1560,"INDICACAO",2,40.0000000000000000
1560,"REDE_SOCIAL",1,20.0000000000000000
1560,NULL,2,40.0000000000000000
1561,"EMAIL",1,20.0000000000000000
1561,"OUTRO",2,40.0000000000000000
1561,"SITE_EVENTO",2,40.0000000000000000
1562,"INDICACAO",1,20.0000000000000000
1562,"REDE_SOCIAL",2,40.0000000000000000
1562,NULL,2,40.0000000000000000
1563,"EMAIL",2,40.0000000000000000
1563,"OUTRO",1,20.0000000000000000
1563,"SITE_EVENTO",2,40.0000000000000000
1564,"INDICACAO",2,40.0000000000000000
1564,"REDE_SOCIAL",2,40.0000000000000000
1564,NULL,1,20.0000000000000000
1565,"EMAIL",2,40.0000000000000000
1565,"OUTRO",2,40.0000000000000000
1565,"SITE_EVENTO",1,20.0000000000000000
1566,"INDICACAO",2,40.0000000000000000
1566,"REDE_SOCIAL",1,20.0000000000000000
1566,NULL,2,40.0000000000000000
1567,"EMAIL",1,20.0000000000000000
1567,"OUTRO",2,40.0000000000000000
1567,"SITE_EVENTO",2,40.0000000000000000
1568,"INDICACAO",1,20.0000000000000000
1568,"REDE_SOCIAL",2,40.0000000000000000
1568,NULL,2,40.0000000000000000
1569,"EMAIL",2,40.0000000000000000
1569,"OUTRO",1,20.0000000000000000
1569,"SITE_EVENTO",2,40.0000000000000000
1570,"INDICACAO",2,40.0000000000000000
1570,"REDE_SOCIAL",2,40.0000000000000000
1570,NULL,1,20.0000000000000000
1571,"EMAIL",2,40.0000000000000000
1571,"OUTRO",2,40.0000000000000000
1571,"SITE_EVENTO",1,20.0000000000000000
1572,"INDICACAO",2,40.0000000000000000
1572,"REDE_SOCIAL",1,20.0000000000000000
1572,NULL,2,40.0000000000000000
1573,"EMAIL",1,20.0000000000000000
1573,"OUTRO",2,40.0000000000000000
1573,"SITE_EVENTO",2,40.0000000000000000
1574,"INDICACAO",1,20.0000000000000000
1574,"REDE_SOCIAL",2,40.0000000000000000
1574,NULL,2,40.0000000000000000
1575,"EMAIL",2,40.0000000000000000
1575,"OUTRO",1,20.0000000000000000
1575,"SITE_EVENTO",2,40.0000000000000000
1576,"INDICACAO",2,40.0000000000000000
1576,"REDE_SOCIAL",2,40.0000000000000000
1576,NULL,1,20.0000000000000000
1577,"EMAIL",2,40.0000000000000000
1577,"OUTRO",2,40.0000000000000000
1577,"SITE_EVENTO",1,20.0000000000000000
1578,"INDICACAO",2,40.0000000000000000
1578,"REDE_SOCIAL",1,20.0000000000000000
1578,NULL,2,40.0000000000000000
1579,"EMAIL",1,20.0000000000000000
1579,"OUTRO",2,40.0000000000000000
1579,"SITE_EVENTO",2,40.0000000000000000
1580,"INDICACAO",1,20.0000000000000000
1580,"REDE_SOCIAL",2,40.0000000000000000
1580,NULL,2,40.0000000000000000
1581,"EMAIL",2,40.0000000000000000
1581,"OUTRO",1,20.0000000000000000
1581,"SITE_EVENTO",2,40.0000000000000000
1582,"INDICACAO",2,40.0000000000000000
1582,"REDE_SOCIAL",2,40.0000000000000000
1582,NULL,1,20.0000000000000000
1583,"EMAIL",2,40.0000000000000000
1583,"OUTRO",2,40.0000000000000000
1583,"SITE_EVENTO",1,20.0000000000000000
1584,"INDICACAO",2,40.0000000000000000
1584,"REDE_SOCIAL",1,20.0000000000000000
1584,NULL,2,40.0000000000000000
1585,"EMAIL",1,20.0000000000000000
1585,"OUTRO",2,40.0000000000000000
1585,"SITE_EVENTO",2,40.0000000000000000
1586,"INDICACAO",1,20.0000000000000000
1586,"REDE_SOCIAL",2,40.0000000000000000
1586,NULL,2,40.0000000000000000
1587,"EMAIL",2,40.0000000000000000
1587,"OUTRO",1,20.0000000000000000
1587,"SITE_EVENTO",2,40.0000000000000000
1588,"INDICACAO",2,40.0000000000000000
1588,"REDE_SOCIAL",2,40.0000000000000000
1588,NULL,1,20.0000000000000000
1589,"EMAIL",2,40.0000000000000000
1589,"OUTRO",2,40.0000000000000000
1589,"SITE_EVENTO",1,20.0000000000000000
1590,"INDICACAO",2,40.0000000000000000
1590,"REDE_SOCIAL",1,20.0000000000000000
1590,NULL,2,40.0000000000000000
1591,"EMAIL",1,20.0000000000000000
1591,"OUTRO",2,40.0000000000000000
1591,"SITE_EVENTO",2,40.0000000000000000
1592,"INDICACAO",1,20.0000000000000000
1592,"REDE_SOCIAL",2,40.0000000000000000
1592,NULL,2,40.0000000000000000
1593,"EMAIL",2,40.0000000000000000
1593,"OUTRO",1,20.0000000000000000
1593,"SITE_EVENTO",2,40.0000000000000000
1594,"INDICACAO",2,40.0000000000000000
1594,"REDE_SOCIAL",2,40.0000000000000000
1594,NULL,1,20.0000000000000000
1595,"EMAIL",2,40.0000000000000000
1595,"OUTRO",2,40.0000000000000000
1595,"SITE_EVENTO",1,20.0000000000000000
1596,"INDICACAO",2,40.0000000000000000
1596,"REDE_SOCIAL",1,20.0000000000000000
1596,NULL,2,40.0000000000000000
1597,"EMAIL",1,20.0000000000000000
1597,"OUTRO",2,40.0000000000000000
1597,"SITE_EVENTO",2,40.0000000000000000
1598,"INDICACAO",1,20.0000000000000000
1598,"REDE_SOCIAL",2,40.0000000000000000
1598,NULL,2,40.0000000000000000
1599,"EMAIL",2,40.0000000000000000
1599,"OUTRO",1,20.0000000000000000
1599,"SITE_EVENTO",2,40.0000000000000000
1600,"INDICACAO",2,40.0000000000000000
1600,"REDE_SOCIAL",2,40.0000000000000000
1600,NULL,1,20.0000000000000000
1601,"EMAIL",2,40.0000000000000000
1601,"OUTRO",2,40.0000000000000000
1601,"SITE_EVENTO",1,20.0000000000000000
1602,"INDICACAO",2,40.0000000000000000
1602,"REDE_SOCIAL",1,20.0000000000000000
1602,NULL,2,40.0000000000000000
1603,"EMAIL",1,20.0000000000000000
1603,"OUTRO",2,40.0000000000000000
1603,"SITE_EVENTO",2,40.0000000000000000
1604,"INDICACAO",1,20.0000000000000000
1604,"REDE_SOCIAL",2,40.0000000000000000
1604,NULL,2,40.0000000000000000
1605,"EMAIL",2,40.0000000000000000
1605,"OUTRO",1,20.0000000000000000
1605,"SITE_EVENTO",2,40.0000000000000000
1606,"INDICACAO",2,40.0000000000000000
1606,"REDE_SOCIAL",2,40.0000000000000000
1606,NULL,1,20.0000000000000000
1607,"EMAIL",2,40.0000000000000000
1607,"OUTRO",2,40.0000000000000000
1607,"SITE_EVENTO",1,20.0000000000000000
1608,"INDICACAO",2,40.0000000000000000
1608,"REDE_SOCIAL",1,20.0000000000000000
1608,NULL,2,40.0000000000000000
1609,"EMAIL",1,20.0000000000000000
1609,"OUTRO",2,40.0000000000000000
1609,"SITE_EVENTO",2,40.0000000000000000
1610,"INDICACAO",1,20.0000000000000000
1610,"REDE_SOCIAL",2,40.0000000000000000
1610,NULL,2,40.0000000000000000
1611,"EMAIL",2,40.0000000000000000
1611,"OUTRO",1,20.0000000000000000
1611,"SITE_EVENTO",2,40.0000000000000000
1612,"INDICACAO",2,40.0000000000000000
1612,"REDE_SOCIAL",2,40.0000000000000000
1612,NULL,1,20.0000000000000000
1613,"EMAIL",2,40.0000000000000000
1613,"OUTRO",2,40.0000000000000000
1613,"SITE_EVENTO",1,20.0000000000000000
1614,"INDICACAO",2,40.0000000000000000
1614,"REDE_SOCIAL",1,20.0000000000000000
1614,NULL,2,40.0000000000000000
1615,"EMAIL",1,20.0000000000000000
1615,"OUTRO",2,40.0000000000000000
1615,"SITE_EVENTO",2,40.0000000000000000
1616,"INDICACAO",1,20.0000000000000000
1616,"REDE_SOCIAL",2,40.0000000000000000
1616,NULL,2,40.0000000000000000
1617,"EMAIL",2,40.0000000000000000
1617,"OUTRO",1,20.0000000000000000
1617,"SITE_EVENTO",2,40.0000000000000000
1618,"INDICACAO",2,40.0000000000000000
1618,"REDE_SOCIAL",2,40.0000000000000000
1618,NULL,1,20.0000000000000000
1619,"EMAIL",2,40.0000000000000000
1619,"OUTRO",2,40.0000000000000000
1619,"SITE_EVENTO",1,20.0000000000000000
1620,"INDICACAO",2,40.0000000000000000
1620,"REDE_SOCIAL",1,20.0000000000000000
1620,NULL,2,40.0000000000000000
1621,"EMAIL",1,20.0000000000000000
1621,"OUTRO",2,40.0000000000000000
1621,"SITE_EVENTO",2,40.0000000000000000
1622,"INDICACAO",1,20.0000000000000000
1622,"REDE_SOCIAL",2,40.0000000000000000
1622,NULL,2,40.0000000000000000
1623,"EMAIL",2,40.0000000000000000
1623,"OUTRO",1,20.0000000000000000
1623,"SITE_EVENTO",2,40.0000000000000000
1624,"INDICACAO",2,40.0000000000000000
1624,"REDE_SOCIAL",2,40.0000000000000000
1624,NULL,1,20.0000000000000000
1625,"EMAIL",2,40.0000000000000000
1625,"OUTRO",2,40.0000000000000000
1625,"SITE_EVENTO",1,20.0000000000000000
1626,"INDICACAO",2,40.0000000000000000
1626,"REDE_SOCIAL",1,20.0000000000000000
1626,NULL,2,40.0000000000000000
1627,"EMAIL",1,20.0000000000000000
1627,"OUTRO",2,40.0000000000000000
1627,"SITE_EVENTO",2,40.0000000000000000
1628,"INDICACAO",1,20.0000000000000000
1628,"REDE_SOCIAL",2,40.0000000000000000
1628,NULL,2,40.0000000000000000
1629,"EMAIL",2,40.0000000000000000
1629,"OUTRO",1,20.0000000000000000
1629,"SITE_EVENTO",2,40.0000000000000000
1630,"INDICACAO",2,40.0000000000000000
1630,"REDE_SOCIAL",2,40.0000000000000000
1630,NULL,1,20.0000000000000000
1631,"EMAIL",2,40.0000000000000000
1631,"OUTRO",2,40.0000000000000000
1631,"SITE_EVENTO",1,20.0000000000000000
1632,"INDICACAO",2,40.0000000000000000
1632,"REDE_SOCIAL",1,20.0000000000000000
1632,NULL,2,40.0000000000000000
1633,"EMAIL",1,20.0000000000000000
1633,"OUTRO",2,40.0000000000000000
1633,"SITE_EVENTO",2,40.0000000000000000
1634,"INDICACAO",1,20.0000000000000000
1634,"REDE_SOCIAL",2,40.0000000000000000
1634,NULL,2,40.0000000000000000
1635,"EMAIL",2,40.0000000000000000
1635,"OUTRO",1,20.0000000000000000
1635,"SITE_EVENTO",2,40.0000000000000000
1636,"INDICACAO",2,40.0000000000000000
1636,"REDE_SOCIAL",2,40.0000000000000000
1636,NULL,1,20.0000000000000000
1637,"EMAIL",2,40.0000000000000000
1637,"OUTRO",2,40.0000000000000000
1637,"SITE_EVENTO",1,20.0000000000000000
1638,"INDICACAO",2,40.0000000000000000
1638,"REDE_SOCIAL",1,20.0000000000000000
1638,NULL,2,40.0000000000000000
1639,"EMAIL",1,20.0000000000000000
1639,"OUTRO",2,40.0000000000000000
1639,"SITE_EVENTO",2,40.0000000000000000
1640,"INDICACAO",1,20.0000000000000000
1640,"REDE_SOCIAL",2,40.0000000000000000
1640,NULL,2,40.0000000000000000
1641,"EMAIL",2,40.0000000000000000
1641,"OUTRO",1,20.0000000000000000
1641,"SITE_EVENTO",2,40.0000000000000000
1642,"INDICACAO",2,40.0000000000000000
1642,"REDE_SOCIAL",2,40.0000000000000000
1642,NULL,1,20.0000000000000000
1643,"EMAIL",2,40.0000000000000000
1643,"OUTRO",2,40.0000000000000000
1643,"SITE_EVENTO",1,20.0000000000000000
1644,"INDICACAO",2,40.0000000000000000
1644,"REDE_SOCIAL",1,20.0000000000000000
1644,NULL,2,40.0000000000000000
1645,"EMAIL",1,20.0000000000000000
1645,"OUTRO",2,40.0000000000000000
1645,"SITE_EVENTO",2,40.0000000000000000
1646,"INDICACAO",1,20.0000000000000000
1646,"REDE_SOCIAL",2,40.0000000000000000
1646,NULL,2,40.0000000000000000
1647,"EMAIL",2,40.0000000000000000
1647,"OUTRO",1,20.0000000000000000
1647,"SITE_EVENTO",2,40.0000000000000000
1648,"INDICACAO",2,40.0000000000000000
1648,"REDE_SOCIAL",2,40.0000000000000000
1648,NULL,1,20.0000000000000000
1649,"EMAIL",2,40.0000000000000000
1649,"OUTRO",2,40.0000000000000000
1649,"SITE_EVENTO",1,20.0000000000000000
1650,"INDICACAO",2,40.0000000000000000
1650,"REDE_SOCIAL",1,20.0000000000000000
1650,NULL,2,40.0000000000000000
1651,"EMAIL",1,20.0000000000000000
1651,"OUTRO",2,40.0000000000000000
1651,"SITE_EVENTO",2,40.0000000000000000
1652,"INDICACAO",1,20.0000000000000000
1652,"REDE_SOCIAL",2,40.0000000000000000
1652,NULL,2,40.0000000000000000
1653,"EMAIL",2,40.0000000000000000
1653,"OUTRO",1,20.0000000000000000
1653,"SITE_EVENTO",2,40.0000000000000000
1654,"INDICACAO",2,40.0000000000000000
1654,"REDE_SOCIAL",2,40.0000000000000000
1654,NULL,1,20.0000000000000000
1655,"EMAIL",2,40.0000000000000000
1655,"OUTRO",2,40.0000000000000000
1655,"SITE_EVENTO",1,20.0000000000000000
1656,"INDICACAO",2,40.0000000000000000
1656,"REDE_SOCIAL",1,20.0000000000000000
1656,NULL,2,40.0000000000000000
1657,"EMAIL",1,20.0000000000000000
1657,"OUTRO",2,40.0000000000000000
1657,"SITE_EVENTO",2,40.0000000000000000
1658,"INDICACAO",1,20.0000000000000000
1658,"REDE_SOCIAL",2,40.0000000000000000
1658,NULL,2,40.0000000000000000
1659,"EMAIL",2,40.0000000000000000
1659,"OUTRO",1,20.0000000000000000
1659,"SITE_EVENTO",2,40.0000000000000000
1660,"INDICACAO",2,40.0000000000000000
1660,"REDE_SOCIAL",2,40.0000000000000000
1660,NULL,1,20.0000000000000000
1661,"EMAIL",2,40.0000000000000000
1661,"OUTRO",2,40.0000000000000000
1661,"SITE_EVENTO",1,20.0000000000000000
1662,"INDICACAO",2,40.0000000000000000
1662,"REDE_SOCIAL",1,20.0000000000000000
1662,NULL,2,40.0000000000000000
1663,"EMAIL",1,20.0000000000000000
1663,"OUTRO",2,40.0000000000000000
1663,"SITE_EVENTO",2,40.0000000000000000
1664,"INDICACAO",1,20.0000000000000000
1664,"REDE_SOCIAL",2,40.0000000000000000
1664,NULL,2,40.0000000000000000
1665,"EMAIL",2,40.0000000000000000
1665,"OUTRO",1,20.0000000000000000
1665,"SITE_EVENTO",2,40.0000000000000000
1666,"INDICACAO",2,40.0000000000000000
1666,"REDE_SOCIAL",2,40.0000000000000000
1666,NULL,1,20.0000000000000000
1667,"EMAIL",2,40.0000000000000000
1667,"OUTRO",2,40.0000000000000000
1667,"SITE_EVENTO",1,20.0000000000000000
1668,"INDICACAO",2,40.0000000000000000
1668,"REDE_SOCIAL",1,20.0000000000000000
1668,NULL,2,40.0000000000000000
1669,"EMAIL",1,20.0000000000000000
1669,"OUTRO",2,40.0000000000000000
1669,"SITE_EVENTO",2,40.0000000000000000
1670,"INDICACAO",1,20.0000000000000000
1670,"REDE_SOCIAL",2,40.0000000000000000
1670,NULL,2,40.0000000000000000
1671,"EMAIL",2,40.0000000000000000
1671,"OUTRO",1,20.0000000000000000
1671,"SITE_EVENTO",2,40.0000000000000000
1672,"INDICACAO",2,40.0000000000000000
1672,"REDE_SOCIAL",2,40.0000000000000000
1672,NULL,1,20.0000000000000000
1673,"EMAIL",2,40.0000000000000000
1673,"OUTRO",2,40.0000000000000000
1673,"SITE_EVENTO",1,20.0000000000000000
1674,"INDICACAO",2,40.0000000000000000
1674,"REDE_SOCIAL",1,20.0000000000000000
1674,NULL,2,40.0000000000000000
1675,"EMAIL",1,20.0000000000000000
1675,"OUTRO",2,40.0000000000000000
1675,"SITE_EVENTO",2,40.0000000000000000
1676,"INDICACAO",1,20.0000000000000000
1676,"REDE_SOCIAL",2,40.0000000000000000
1676,NULL,2,40.0000000000000000
1677,"EMAIL",2,40.0000000000000000
1677,"OUTRO",1,20.0000000000000000
1677,"SITE_EVENTO",2,40.0000000000000000
1678,"INDICACAO",2,40.0000000000000000
1678,"REDE_SOCIAL",2,40.0000000000000000
1678,NULL,1,20.0000000000000000
1679,"EMAIL",2,40.0000000000000000
1679,"OUTRO",2,40.0000000000000000
1679,"SITE_EVENTO",1,20.0000000000000000
1680,"INDICACAO",2,40.0000000000000000
1680,"REDE_SOCIAL",1,20.0000000000000000
1680,NULL,2,40.0000000000000000
1681,"EMAIL",1,20.0000000000000000
1681,"OUTRO",2,40.0000000000000000
1681,"SITE_EVENTO",2,40.0000000000000000
1682,"INDICACAO",1,20.0000000000000000
1682,"REDE_SOCIAL",2,40.0000000000000000
1682,NULL,2,40.0000000000000000
1683,"EMAIL",2,40.0000000000000000
1683,"OUTRO",1,20.0000000000000000
1683,"SITE_EVENTO",2,40.0000000000000000
1684,"INDICACAO",2,40.0000000000000000
1684,"REDE_SOCIAL",2,40.0000000000000000
1684,NULL,1,20.0000000000000000
1685,"EMAIL",2,40.0000000000000000
1685,"OUTRO",2,40.0000000000000000
1685,"SITE_EVENTO",1,20.0000000000000000
1686,"INDICACAO",2,40.0000000000000000
1686,"REDE_SOCIAL",1,20.0000000000000000
1686,NULL,2,40.0000000000000000
1687,"EMAIL",1,20.0000000000000000
1687,"OUTRO",2,40.0000000000000000
1687,"SITE_EVENTO",2,40.0000000000000000
1688,"INDICACAO",1,20.0000000000000000
1688,"REDE_SOCIAL",2,40.0000000000000000
1688,NULL,2,40.0000000000000000
1689,"EMAIL",2,40.0000000000000000
1689,"OUTRO",1,20.0000000000000000
1689,"SITE_EVENTO",2,40.0000000000000000
1690,"INDICACAO",2,40.0000000000000000
1690,"REDE_SOCIAL",2,40.0000000000000000
1690,NULL,1,20.0000000000000000
1691,"EMAIL",2,40.0000000000000000
1691,"OUTRO",2,40.0000000000000000
1691,"SITE_EVENTO",1,20.0000000000000000
1692,"INDICACAO",2,40.0000000000000000
1692,"REDE_SOCIAL",1,20.0000000000000000
1692,NULL,2,40.0000000000000000
1693,"EMAIL",1,20.0000000000000000
1693,"OUTRO",2,40.0000000000000000
1693,"SITE_EVENTO",2,40.0000000000000000
1694,"INDICACAO",1,20.0000000000000000
1694,"REDE_SOCIAL",2,40.0000000000000000
1694,NULL,2,40.0000000000000000
1695,"EMAIL",2,40.0000000000000000
1695,"OUTRO",1,20.0000000000000000
1695,"SITE_EVENTO",2,40.0000000000000000
1696,"INDICACAO",2,40.0000000000000000
1696,"REDE_SOCIAL",2,40.0000000000000000
1696,NULL,1,20.0000000000000000
1697,"EMAIL",2,40.0000000000000000
1697,"OUTRO",2,40.0000000000000000
1697,"SITE_EVENTO",1,20.0000000000000000
1698,"INDICACAO",2,40.0000000000000000
1698,"REDE_SOCIAL",1,20.0000000000000000
1698,NULL,2,40.0000000000000000
1699,"EMAIL",1,20.0000000000000000
1699,"OUTRO",2,40.0000000000000000
1699,"SITE_EVENTO",2,40.0000000000000000
1700,"INDICACAO",1,20.0000000000000000
1700,"REDE_SOCIAL",2,40.0000000000000000
1700,NULL,2,40.0000000000000000
1701,"EMAIL",2,40.0000000000000000
1701,"OUTRO",1,20.0000000000000000
1701,"SITE_EVENTO",2,40.0000000000000000
1702,"INDICACAO",2,40.0000000000000000
1702,"REDE_SOCIAL",2,40.0000000000000000
1702,NULL,1,20.0000000000000000
1703,"EMAIL",2,40.0000000000000000
1703,"OUTRO",2,40.0000000000000000
1703,"SITE_EVENTO",1,20.0000000000000000
1704,"INDICACAO",2,40.0000000000000000
1704,"REDE_SOCIAL",1,20.0000000000000000
1704,NULL,2,40.0000000000000000
1705,"EMAIL",1,20.0000000000000000
1705,"OUTRO",2,40.0000000000000000
1705,"SITE_EVENTO",2,40.0000000000000000
1706,"INDICACAO",1,20.0000000000000000
1706,"REDE_SOCIAL",2,40.0000000000000000
1706,NULL,2,40.0000000000000000
1707,"EMAIL",2,40.0000000000000000
1707,"OUTRO",1,20.0000000000000000
1707,"SITE_EVENTO",2,40.0000000000000000
1708,"INDICACAO",2,40.0000000000000000
1708,"REDE_SOCIAL",2,40.0000000000000000
1708,NULL,1,20.0000000000000000
1709,"EMAIL",2,40.0000000000000000
1709,"OUTRO",2,40.0000000000000000
1709,"SITE_EVENTO",1,20.0000000000000000
1710,"INDICACAO",2,40.0000000000000000
1710,"REDE_SOCIAL",1,20.0000000000000000
1710,NULL,2,40.0000000000000000
1711,"EMAIL",1,20.0000000000000000
1711,"OUTRO",2,40.0000000000000000
1711,"SITE_EVENTO",2,40.0000000000000000
1712,"INDICACAO",1,20.0000000000000000
1712,"REDE_SOCIAL",2,40.0000000000000000
1712,NULL,2,40.0000000000000000
1713,"EMAIL",2,40.0000000000000000
1713,"OUTRO",1,20.0000000000000000
1713,"SITE_EVENTO",2,40.0000000000000000
1714,"INDICACAO",2,40.0000000000000000
1714,"REDE_SOCIAL",2,40.0000000000000000
1714,NULL,1,20.0000000000000000
1715,"EMAIL",2,40.0000000000000000
1715,"OUTRO",2,40.0000000000000000
1715,"SITE_EVENTO",1,20.0000000000000000
1716,"INDICACAO",2,40.0000000000000000
1716,"REDE_SOCIAL",1,20.0000000000000000
1716,NULL,2,40.0000000000000000
1717,"EMAIL",1,20.0000000000000000
1717,"OUTRO",2,40.0000000000000000
1717,"SITE_EVENTO",2,40.0000000000000000
1718,"INDICACAO",1,20.0000000000000000
1718,"REDE_SOCIAL",2,40.0000000000000000
1718,NULL,2,40.0000000000000000
1719,"EMAIL",2,40.0000000000000000
1719,"OUTRO",1,20.0000000000000000
1719,"SITE_EVENTO",2,40.0000000000000000
1720,"INDICACAO",2,40.0000000000000000
1720,"REDE_SOCIAL",2,40.0000000000000000
1720,NULL,1,20.0000000000000000
1721,"EMAIL",2,40.0000000000000000
1721,"OUTRO",2,40.0000000000000000
1721,"SITE_EVENTO",1,20.0000000000000000
1722,"INDICACAO",2,40.0000000000000000
1722,"REDE_SOCIAL",1,20.0000000000000000
1722,NULL,2,40.0000000000000000
1723,"EMAIL",1,20.0000000000000000
1723,"OUTRO",2,40.0000000000000000
1723,"SITE_EVENTO",2,40.0000000000000000
1724,"INDICACAO",1,20.0000000000000000
1724,"REDE_SOCIAL",2,40.0000000000000000
1724,NULL,2,40.0000000000000000
1725,"EMAIL",2,40.0000000000000000
1725,"OUTRO",1,20.0000000000000000
1725,"SITE_EVENTO",2,40.0000000000000000
1726,"INDICACAO",2,40.0000000000000000
1726,"REDE_SOCIAL",2,40.0000000000000000
1726,NULL,1,20.0000000000000000
1727,"EMAIL",2,40.0000000000000000
1727,"OUTRO",2,40.0000000000000000
1727,"SITE_EVENTO",1,20.0000000000000000
1728,"INDICACAO",2,40.0000000000000000
1728,"REDE_SOCIAL",1,20.0000000000000000
1728,NULL,2,40.0000000000000000
1729,"EMAIL",1,20.0000000000000000
1729,"OUTRO",2,40.0000000000000000
1729,"SITE_EVENTO",2,40.0000000000000000
1730,"INDICACAO",1,20.0000000000000000
1730,"REDE_SOCIAL",2,40.0000000000000000
1730,NULL,2,40.0000000000000000
1731,"EMAIL",2,40.0000000000000000
1731,"OUTRO",1,20.0000000000000000
1731,"SITE_EVENTO",2,40.0000000000000000
1732,"INDICACAO",2,40.0000000000000000
1732,"REDE_SOCIAL",2,40.0000000000000000
1732,NULL,1,20.0000000000000000
1733,"EMAIL",2,40.0000000000000000
1733,"OUTRO",2,40.0000000000000000
1733,"SITE_EVENTO",1,20.0000000000000000
1734,"INDICACAO",2,40.0000000000000000
1734,"REDE_SOCIAL",1,20.0000000000000000
1734,NULL,2,40.0000000000000000
1735,"EMAIL",1,20.0000000000000000
1735,"OUTRO",2,40.0000000000000000
1735,"SITE_EVENTO",2,40.0000000000000000
1736,"INDICACAO",1,20.0000000000000000
1736,"REDE_SOCIAL",2,40.0000000000000000
1736,NULL,2,40.0000000000000000
1737,"EMAIL",2,40.0000000000000000
1737,"OUTRO",1,20.0000000000000000
1737,"SITE_EVENTO",2,40.0000000000000000
1738,"INDICACAO",2,40.0000000000000000
1738,"REDE_SOCIAL",2,40.0000000000000000
1738,NULL,1,20.0000000000000000
1739,"EMAIL",2,40.0000000000000000
1739,"OUTRO",2,40.0000000000000000
1739,"SITE_EVENTO",1,20.0000000000000000
1740,"INDICACAO",2,40.0000000000000000
1740,"REDE_SOCIAL",1,20.0000000000000000
1740,NULL,2,40.0000000000000000
1741,"EMAIL",1,20.0000000000000000
1741,"OUTRO",2,40.0000000000000000
1741,"SITE_EVENTO",2,40.0000000000000000
1742,"INDICACAO",1,20.0000000000000000
1742,"REDE_SOCIAL",2,40.0000000000000000
1742,NULL,2,40.0000000000000000
1743,"EMAIL",2,40.0000000000000000
1743,"OUTRO",1,20.0000000000000000
1743,"SITE_EVENTO",2,40.0000000000000000
1744,"INDICACAO",2,40.0000000000000000
1744,"REDE_SOCIAL",2,40.0000000000000000
1744,NULL,1,20.0000000000000000
1745,"EMAIL",2,40.0000000000000000
1745,"OUTRO",2,40.0000000000000000
1745,"SITE_EVENTO",1,20.0000000000000000
1746,"INDICACAO",2,40.0000000000000000
1746,"REDE_SOCIAL",1,20.0000000000000000
1746,NULL,2,40.0000000000000000
1747,"EMAIL",1,20.0000000000000000
1747,"OUTRO",2,40.0000000000000000
1747,"SITE_EVENTO",2,40.0000000000000000
1748,"INDICACAO",1,20.0000000000000000
1748,"REDE_SOCIAL",2,40.0000000000000000
1748,NULL,2,40.0000000000000000
1749,"EMAIL",2,40.0000000000000000
1749,"OUTRO",1,20.0000000000000000
1749,"SITE_EVENTO",2,40.0000000000000000
1750,"INDICACAO",2,40.0000000000000000
1750,"REDE_SOCIAL",2,40.0000000000000000
1750,NULL,1,20.0000000000000000
1751,"EMAIL",2,40.0000000000000000
1751,"OUTRO",2,40.0000000000000000
1751,"SITE_EVENTO",1,20.0000000000000000
1752,"INDICACAO",2,40.0000000000000000
1752,"REDE_SOCIAL",1,20.0000000000000000
1752,NULL,2,40.0000000000000000
1753,"EMAIL",1,20.0000000000000000
1753,"OUTRO",2,40.0000000000000000
1753,"SITE_EVENTO",2,40.0000000000000000
1754,"INDICACAO",1,20.0000000000000000
1754,"REDE_SOCIAL",2,40.0000000000000000
1754,NULL,2,40.0000000000000000
1755,"EMAIL",2,40.0000000000000000
1755,"OUTRO",1,20.0000000000000000
1755,"SITE_EVENTO",2,40.0000000000000000
1756,"INDICACAO",2,40.0000000000000000
1756,"REDE_SOCIAL",2,40.0000000000000000
1756,NULL,1,20.0000000000000000
1757,"EMAIL",2,40.0000000000000000
1757,"OUTRO",2,40.0000000000000000
1757,"SITE_EVENTO",1,20.0000000000000000
1758,"INDICACAO",2,40.0000000000000000
1758,"REDE_SOCIAL",1,20.0000000000000000
1758,NULL,2,40.0000000000000000
1759,"EMAIL",1,20.0000000000000000
1759,"OUTRO",2,40.0000000000000000
1759,"SITE_EVENTO",2,40.0000000000000000
1760,"INDICACAO",1,20.0000000000000000
1760,"REDE_SOCIAL",2,40.0000000000000000
1760,NULL,2,40.0000000000000000
1761,"EMAIL",2,40.0000000000000000
1761,"OUTRO",1,20.0000000000000000
1761,"SITE_EVENTO",2,40.0000000000000000
1762,"INDICACAO",2,40.0000000000000000
1762,"REDE_SOCIAL",2,40.0000000000000000
1762,NULL,1,20.0000000000000000
1763,"EMAIL",2,40.0000000000000000
1763,"OUTRO",2,40.0000000000000000
1763,"SITE_EVENTO",1,20.0000000000000000
1764,"INDICACAO",2,40.0000000000000000
1764,"REDE_SOCIAL",1,20.0000000000000000
1764,NULL,2,40.0000000000000000
1765,"EMAIL",1,20.0000000000000000
1765,"OUTRO",2,40.0000000000000000
1765,"SITE_EVENTO",2,40.0000000000000000
1766,"INDICACAO",1,20.0000000000000000
1766,"REDE_SOCIAL",2,40.0000000000000000
1766,NULL,2,40.0000000000000000
1767,"EMAIL",2,40.0000000000000000
1767,"OUTRO",1,20.0000000000000000
1767,"SITE_EVENTO",2,40.0000000000000000
1768,"INDICACAO",2,40.0000000000000000
1768,"REDE_SOCIAL",2,40.0000000000000000
1768,NULL,1,20.0000000000000000
1769,"EMAIL",2,40.0000000000000000
1769,"OUTRO",2,40.0000000000000000
1769,"SITE_EVENTO",1,20.0000000000000000
1770,"INDICACAO",2,40.0000000000000000
1770,"REDE_SOCIAL",1,20.0000000000000000
1770,NULL,2,40.0000000000000000
1771,"EMAIL",1,20.0000000000000000
1771,"OUTRO",2,40.0000000000000000
1771,"SITE_EVENTO",2,40.0000000000000000
1772,"INDICACAO",1,20.0000000000000000
1772,"REDE_SOCIAL",2,40.0000000000000000
1772,NULL,2,40.0000000000000000
1773,"EMAIL",2,40.0000000000000000
1773,"OUTRO",1,20.0000000000000000
1773,"SITE_EVENTO",2,40.0000000000000000
1774,"INDICACAO",2,40.0000000000000000
1774,"REDE_SOCIAL",2,40.0000000000000000
1774,NULL,1,20.0000000000000000
1775,"EMAIL",2,40.0000000000000000
1775,"OUTRO",2,40.0000000000000000
1775,"SITE_EVENTO",1,20.0000000000000000
1776,"INDICACAO",2,40.0000000000000000
1776,"REDE_SOCIAL",1,20.0000000000000000
1776,NULL,2,40.0000000000000000
1777,"EMAIL",1,20.0000000000000000
1777,"OUTRO",2,40.0000000000000000
1777,"SITE_EVENTO",2,40.0000000000000000
1778,"INDICACAO",1,20.0000000000000000
1778,"REDE_SOCIAL",2,40.0000000000000000
1778,NULL,2,40.0000000000000000
1779,"EMAIL",2,40.0000000000000000
1779,"OUTRO",1,20.0000000000000000
1779,"SITE_EVENTO",2,40.0000000000000000
1780,"INDICACAO",2,40.0000000000000000
1780,"REDE_SOCIAL",2,40.0000000000000000
1780,NULL,1,20.0000000000000000
1781,"EMAIL",2,40.0000000000000000
1781,"OUTRO",2,40.0000000000000000
1781,"SITE_EVENTO",1,20.0000000000000000
1782,"INDICACAO",2,40.0000000000000000
1782,"REDE_SOCIAL",1,20.0000000000000000
1782,NULL,2,40.0000000000000000
1783,"EMAIL",1,20.0000000000000000
1783,"OUTRO",2,40.0000000000000000
1783,"SITE_EVENTO",2,40.0000000000000000
1784,"INDICACAO",1,20.0000000000000000
1784,"REDE_SOCIAL",2,40.0000000000000000
1784,NULL,2,40.0000000000000000
1785,"EMAIL",2,40.0000000000000000
1785,"OUTRO",1,20.0000000000000000
1785,"SITE_EVENTO",2,40.0000000000000000
1786,"INDICACAO",2,40.0000000000000000
1786,"REDE_SOCIAL",2,40.0000000000000000
1786,NULL,1,20.0000000000000000
1787,"EMAIL",2,40.0000000000000000
1787,"OUTRO",2,40.0000000000000000
1787,"SITE_EVENTO",1,20.0000000000000000
1788,"INDICACAO",2,40.0000000000000000
1788,"REDE_SOCIAL",1,20.0000000000000000
1788,NULL,2,40.0000000000000000
1789,"EMAIL",1,20.0000000000000000
1789,"OUTRO",2,40.0000000000000000
1789,"SITE_EVENTO",2,40.0000000000000000
1790,"INDICACAO",1,20.0000000000000000
1790,"REDE_SOCIAL",2,40.0000000000000000
1790,NULL,2,40.0000000000000000
1791,"EMAIL",2,40.0000000000000000
1791,"OUTRO",1,20.0000000000000000
1791,"SITE_EVENTO",2,40.0000000000000000
1792,"INDICACAO",2,40.0000000000000000
1792,"REDE_SOCIAL",2,40.0000000000000000
1792,NULL,1,20.0000000000000000
1793,"EMAIL",2,40.0000000000000000
1793,"OUTRO",2,40.0000000000000000
1793,"SITE_EVENTO",1,20.0000000000000000
1794,"INDICACAO",2,40.0000000000000000
1794,"REDE_SOCIAL",1,20.0000000000000000
1794,NULL,2,40.0000000000000000
1795,"EMAIL",1,20.0000000000000000
1795,"OUTRO",2,40.0000000000000000
1795,"SITE_EVENTO",2,40.0000000000000000
1796,"INDICACAO",1,20.0000000000000000
1796,"REDE_SOCIAL",2,40.0000000000000000
1796,NULL,2,40.0000000000000000
1797,"EMAIL",2,40.0000000000000000
1797,"OUTRO",1,20.0000000000000000
1797,"SITE_EVENTO",2,40.0000000000000000
1798,"INDICACAO",2,40.0000000000000000
1798,"REDE_SOCIAL",2,40.0000000000000000
1798,NULL,1,20.0000000000000000
1799,"EMAIL",2,40.0000000000000000
1799,"OUTRO",2,40.0000000000000000
1799,"SITE_EVENTO",1,20.0000000000000000
1800,"INDICACAO",2,40.0000000000000000
1800,"REDE_SOCIAL",1,20.0000000000000000
1800,NULL,2,40.0000000000000000
1801,"EMAIL",1,20.0000000000000000
1801,"OUTRO",2,40.0000000000000000
1801,"SITE_EVENTO",2,40.0000000000000000
1802,"INDICACAO",1,20.0000000000000000
1802,"REDE_SOCIAL",2,40.0000000000000000
1802,NULL,2,40.0000000000000000
1803,"EMAIL",2,40.0000000000000000
1803,"OUTRO",1,20.0000000000000000
1803,"SITE_EVENTO",2,40.0000000000000000
1804,"INDICACAO",2,40.0000000000000000
1804,"REDE_SOCIAL",2,40.0000000000000000
1804,NULL,1,20.0000000000000000
1805,"EMAIL",2,40.0000000000000000
1805,"OUTRO",2,40.0000000000000000
1805,"SITE_EVENTO",1,20.0000000000000000
1806,"INDICACAO",2,40.0000000000000000
1806,"REDE_SOCIAL",1,20.0000000000000000
1806,NULL,2,40.0000000000000000
1807,"EMAIL",1,20.0000000000000000
1807,"OUTRO",2,40.0000000000000000
1807,"SITE_EVENTO",2,40.0000000000000000
1808,"INDICACAO",1,20.0000000000000000
1808,"REDE_SOCIAL",2,40.0000000000000000
1808,NULL,2,40.0000000000000000
1809,"EMAIL",2,40.0000000000000000
1809,"OUTRO",1,20.0000000000000000
1809,"SITE_EVENTO",2,40.0000000000000000
1810,"INDICACAO",2,40.0000000000000000
1810,"REDE_SOCIAL",2,40.0000000000000000
1810,NULL,1,20.0000000000000000
1811,"EMAIL",2,40.0000000000000000
1811,"OUTRO",2,40.0000000000000000
1811,"SITE_EVENTO",1,20.0000000000000000
1812,"INDICACAO",2,40.0000000000000000
1812,"REDE_SOCIAL",1,20.0000000000000000
1812,NULL,2,40.0000000000000000
1813,"EMAIL",1,20.0000000000000000
1813,"OUTRO",2,40.0000000000000000
1813,"SITE_EVENTO",2,40.0000000000000000
1814,"INDICACAO",1,20.0000000000000000
1814,"REDE_SOCIAL",2,40.0000000000000000
1814,NULL,2,40.0000000000000000
1815,"EMAIL",2,40.0000000000000000
1815,"OUTRO",1,20.0000000000000000
1815,"SITE_EVENTO",2,40.0000000000000000
1816,"INDICACAO",2,40.0000000000000000
1816,"REDE_SOCIAL",2,40.0000000000000000
1816,NULL,1,20.0000000000000000
1817,"EMAIL",2,40.0000000000000000
1817,"OUTRO",2,40.0000000000000000
1817,"SITE_EVENTO",1,20.0000000000000000
1818,"INDICACAO",2,40.0000000000000000
1818,"REDE_SOCIAL",1,20.0000000000000000
1818,NULL,2,40.0000000000000000
1819,"EMAIL",1,20.0000000000000000
1819,"OUTRO",2,40.0000000000000000
1819,"SITE_EVENTO",2,40.0000000000000000
1820,"INDICACAO",1,20.0000000000000000
1820,"REDE_SOCIAL",2,40.0000000000000000
1820,NULL,2,40.0000000000000000
1821,"EMAIL",2,40.0000000000000000
1821,"OUTRO",1,20.0000000000000000
1821,"SITE_EVENTO",2,40.0000000000000000
1822,"INDICACAO",2,40.0000000000000000
1822,"REDE_SOCIAL",2,40.0000000000000000
1822,NULL,1,20.0000000000000000
1823,"EMAIL",2,40.0000000000000000
1823,"OUTRO",2,40.0000000000000000
1823,"SITE_EVENTO",1,20.0000000000000000
1824,"INDICACAO",2,40.0000000000000000
1824,"REDE_SOCIAL",1,20.0000000000000000
1824,NULL,2,40.0000000000000000
1825,"EMAIL",1,20.0000000000000000
1825,"OUTRO",2,40.0000000000000000
1825,"SITE_EVENTO",2,40.0000000000000000
1826,"INDICACAO",1,20.0000000000000000
1826,"REDE_SOCIAL",2,40.0000000000000000
1826,NULL,2,40.0000000000000000
1827,"EMAIL",2,40.0000000000000000
1827,"OUTRO",1,20.0000000000000000
1827,"SITE_EVENTO",2,40.0000000000000000
1828,"INDICACAO",2,40.0000000000000000
1828,"REDE_SOCIAL",2,40.0000000000000000
1828,NULL,1,20.0000000000000000
1829,"EMAIL",2,40.0000000000000000
1829,"OUTRO",2,40.0000000000000000
1829,"SITE_EVENTO",1,20.0000000000000000
1830,"INDICACAO",2,40.0000000000000000
1830,"REDE_SOCIAL",1,20.0000000000000000
1830,NULL,2,40.0000000000000000
1831,"EMAIL",1,20.0000000000000000
1831,"OUTRO",2,40.0000000000000000
1831,"SITE_EVENTO",2,40.0000000000000000
1832,"INDICACAO",1,20.0000000000000000
1832,"REDE_SOCIAL",2,40.0000000000000000
1832,NULL,2,40.0000000000000000
1833,"EMAIL",2,40.0000000000000000
1833,"OUTRO",1,20.0000000000000000
1833,"SITE_EVENTO",2,40.0000000000000000
1834,"INDICACAO",2,40.0000000000000000
1834,"REDE_SOCIAL",2,40.0000000000000000
1834,NULL,1,20.0000000000000000
1835,"EMAIL",2,40.0000000000000000
1835,"OUTRO",2,40.0000000000000000
1835,"SITE_EVENTO",1,20.0000000000000000
1836,"INDICACAO",2,40.0000000000000000
1836,"REDE_SOCIAL",1,20.0000000000000000
1836,NULL,2,40.0000000000000000
1837,"EMAIL",1,20.0000000000000000
1837,"OUTRO",2,40.0000000000000000
1837,"SITE_EVENTO",2,40.0000000000000000
1838,"INDICACAO",1,20.0000000000000000
1838,"REDE_SOCIAL",2,40.0000000000000000
1838,NULL,2,40.0000000000000000
1839,"EMAIL",2,40.0000000000000000
1839,"OUTRO",1,20.0000000000000000
1839,"SITE_EVENTO",2,40.0000000000000000
1840,"INDICACAO",2,40.0000000000000000
1840,"REDE_SOCIAL",2,40.0000000000000000
1840,NULL,1,20.0000000000000000
1841,"EMAIL",2,40.0000000000000000
1841,"OUTRO",2,40.0000000000000000
1841,"SITE_EVENTO",1,20.0000000000000000
1842,"INDICACAO",2,40.0000000000000000
1842,"REDE_SOCIAL",1,20.0000000000000000
1842,NULL,2,40.0000000000000000
1843,"EMAIL",1,20.0000000000000000
1843,"OUTRO",2,40.0000000000000000
1843,"SITE_EVENTO",2,40.0000000000000000
1844,"INDICACAO",1,20.0000000000000000
1844,"REDE_SOCIAL",2,40.0000000000000000
1844,NULL,2,40.0000000000000000
1845,"EMAIL",2,40.0000000000000000
1845,"OUTRO",1,20.0000000000000000
1845,"SITE_EVENTO",2,40.0000000000000000
1846,"INDICACAO",2,40.0000000000000000
1846,"REDE_SOCIAL",2,40.0000000000000000
1846,NULL,1,20.0000000000000000
1847,"EMAIL",2,40.0000000000000000
1847,"OUTRO",2,40.0000000000000000
1847,"SITE_EVENTO",1,20.0000000000000000
1848,"INDICACAO",2,40.0000000000000000
1848,"REDE_SOCIAL",1,20.0000000000000000
1848,NULL,2,40.0000000000000000
1849,"EMAIL",1,20.0000000000000000
1849,"OUTRO",2,40.0000000000000000
1849,"SITE_EVENTO",2,40.0000000000000000
1850,"INDICACAO",1,20.0000000000000000
1850,"REDE_SOCIAL",2,40.0000000000000000
1850,NULL,2,40.0000000000000000
1851,"EMAIL",2,40.0000000000000000
1851,"OUTRO",1,20.0000000000000000
1851,"SITE_EVENTO",2,40.0000000000000000
1852,"INDICACAO",2,40.0000000000000000
1852,"REDE_SOCIAL",2,40.0000000000000000
1852,NULL,1,20.0000000000000000
1853,"EMAIL",2,40.0000000000000000
1853,"OUTRO",2,40.0000000000000000
1853,"SITE_EVENTO",1,20.0000000000000000
1854,"INDICACAO",2,40.0000000000000000
1854,"REDE_SOCIAL",1,20.0000000000000000
1854,NULL,2,40.0000000000000000
1855,"EMAIL",1,20.0000000000000000
1855,"OUTRO",2,40.0000000000000000
1855,"SITE_EVENTO",2,40.0000000000000000
1856,"INDICACAO",1,20.0000000000000000
1856,"REDE_SOCIAL",2,40.0000000000000000
1856,NULL,2,40.0000000000000000
1857,"EMAIL",2,40.0000000000000000
1857,"OUTRO",1,20.0000000000000000
1857,"SITE_EVENTO",2,40.0000000000000000
1858,"INDICACAO",2,40.0000000000000000
1858,"REDE_SOCIAL",2,40.0000000000000000
1858,NULL,1,20.0000000000000000
1859,"EMAIL",2,40.0000000000000000
1859,"OUTRO",2,40.0000000000000000
1859,"SITE_EVENTO",1,20.0000000000000000
1860,"INDICACAO",2,40.0000000000000000
1860,"REDE_SOCIAL",1,20.0000000000000000
1860,NULL,2,40.0000000000000000
1861,"EMAIL",1,20.0000000000000000
1861,"OUTRO",2,40.0000000000000000
1861,"SITE_EVENTO",2,40.0000000000000000
1862,"INDICACAO",1,20.0000000000000000
1862,"REDE_SOCIAL",2,40.0000000000000000
1862,NULL,2,40.0000000000000000
1863,"EMAIL",2,40.0000000000000000
1863,"OUTRO",1,20.0000000000000000
1863,"SITE_EVENTO",2,40.0000000000000000
1864,"INDICACAO",2,40.0000000000000000
1864,"REDE_SOCIAL",2,40.0000000000000000
1864,NULL,1,20.0000000000000000
1865,"EMAIL",2,40.0000000000000000
1865,"OUTRO",2,40.0000000000000000
1865,"SITE_EVENTO",1,20.0000000000000000
1866,"INDICACAO",2,40.0000000000000000
1866,"REDE_SOCIAL",1,20.0000000000000000
1866,NULL,2,40.0000000000000000
1867,"EMAIL",1,20.0000000000000000
1867,"OUTRO",2,40.0000000000000000
1867,"SITE_EVENTO",2,40.0000000000000000
1868,"INDICACAO",1,20.0000000000000000
1868,"REDE_SOCIAL",2,40.0000000000000000
1868,NULL,2,40.0000000000000000
1869,"EMAIL",2,40.0000000000000000
1869,"OUTRO",1,20.0000000000000000
1869,"SITE_EVENTO",2,40.0000000000000000
1870,"INDICACAO",2,40.0000000000000000
1870,"REDE_SOCIAL",2,40.0000000000000000
1870,NULL,1,20.0000000000000000
1871,"EMAIL",2,40.0000000000000000
1871,"OUTRO",2,40.0000000000000000
1871,"SITE_EVENTO",1,20.0000000000000000
1872,"INDICACAO",2,40.0000000000000000
1872,"REDE_SOCIAL",1,20.0000000000000000
1872,NULL,2,40.0000000000000000
1873,"EMAIL",1,20.0000000000000000
1873,"OUTRO",2,40.0000000000000000
1873,"SITE_EVENTO",2,40.0000000000000000
1874,"INDICACAO",1,20.0000000000000000
1874,"REDE_SOCIAL",2,40.0000000000000000
1874,NULL,2,40.0000000000000000
1875,"EMAIL",2,40.0000000000000000
1875,"OUTRO",1,20.0000000000000000
1875,"SITE_EVENTO",2,40.0000000000000000
1876,"INDICACAO",2,40.0000000000000000
1876,"REDE_SOCIAL",2,40.0000000000000000
1876,NULL,1,20.0000000000000000
1877,"EMAIL",2,40.0000000000000000
1877,"OUTRO",2,40.0000000000000000
1877,"SITE_EVENTO",1,20.0000000000000000
1878,"INDICACAO",2,40.0000000000000000
1878,"REDE_SOCIAL",1,20.0000000000000000
1878,NULL,2,40.0000000000000000
1879,"EMAIL",1,20.0000000000000000
1879,"OUTRO",2,40.0000000000000000
1879,"SITE_EVENTO",2,40.0000000000000000
1880,"INDICACAO",1,20.0000000000000000
1880,"REDE_SOCIAL",2,40.0000000000000000
1880,NULL,2,40.0000000000000000
1881,"EMAIL",2,40.0000000000000000
1881,"OUTRO",1,20.0000000000000000
1881,"SITE_EVENTO",2,40.0000000000000000
1882,"INDICACAO",2,40.0000000000000000
1882,"REDE_SOCIAL",2,40.0000000000000000
1882,NULL,1,20.0000000000000000
1883,"EMAIL",2,40.0000000000000000
1883,"OUTRO",2,40.0000000000000000
1883,"SITE_EVENTO",1,20.0000000000000000
1884,"INDICACAO",2,40.0000000000000000
1884,"REDE_SOCIAL",1,20.0000000000000000
1884,NULL,2,40.0000000000000000
1885,"EMAIL",1,20.0000000000000000
1885,"OUTRO",2,40.0000000000000000
1885,"SITE_EVENTO",2,40.0000000000000000
1886,"INDICACAO",1,20.0000000000000000
1886,"REDE_SOCIAL",2,40.0000000000000000
1886,NULL,2,40.0000000000000000
1887,"EMAIL",2,40.0000000000000000
1887,"OUTRO",1,20.0000000000000000
1887,"SITE_EVENTO",2,40.0000000000000000
1888,"INDICACAO",2,40.0000000000000000
1888,"REDE_SOCIAL",2,40.0000000000000000
1888,NULL,1,20.0000000000000000
1889,"EMAIL",2,40.0000000000000000
1889,"OUTRO",2,40.0000000000000000
1889,"SITE_EVENTO",1,20.0000000000000000
1890,"INDICACAO",2,40.0000000000000000
1890,"REDE_SOCIAL",1,20.0000000000000000
1890,NULL,2,40.0000000000000000
1891,"EMAIL",1,20.0000000000000000
1891,"OUTRO",2,40.0000000000000000
1891,"SITE_EVENTO",2,40.0000000000000000
1892,"INDICACAO",1,20.0000000000000000
1892,"REDE_SOCIAL",2,40.0000000000000000
1892,NULL,2,40.0000000000000000
1893,"EMAIL",2,40.0000000000000000
1893,"OUTRO",1,20.0000000000000000
1893,"SITE_EVENTO",2,40.0000000000000000
1894,"INDICACAO",2,40.0000000000000000
1894,"REDE_SOCIAL",2,40.0000000000000000
1894,NULL,1,20.0000000000000000
1895,"EMAIL",2,40.0000000000000000
1895,"OUTRO",2,40.0000000000000000
1895,"SITE_EVENTO",1,20.0000000000000000
1896,"INDICACAO",2,40.0000000000000000
1896,"REDE_SOCIAL",1,20.0000000000000000
1896,NULL,2,40.0000000000000000
1897,"EMAIL",1,20.0000000000000000
1897,"OUTRO",2,40.0000000000000000
1897,"SITE_EVENTO",2,40.0000000000000000
1898,"INDICACAO",1,20.0000000000000000
1898,"REDE_SOCIAL",2,40.0000000000000000
1898,NULL,2,40.0000000000000000
1899,"EMAIL",2,40.0000000000000000
1899,"OUTRO",1,20.0000000000000000
1899,"SITE_EVENTO",2,40.0000000000000000
1900,"INDICACAO",2,40.0000000000000000
1900,"REDE_SOCIAL",2,40.0000000000000000
1900,NULL,1,20.0000000000000000
1901,"EMAIL",2,40.0000000000000000
1901,"OUTRO",2,40.0000000000000000
1901,"SITE_EVENTO",1,20.0000000000000000
1902,"INDICACAO",2,40.0000000000000000
1902,"REDE_SOCIAL",1,20.0000000000000000
1902,NULL,2,40.0000000000000000
1903,"EMAIL",1,20.0000000000000000
1903,"OUTRO",2,40.0000000000000000
1903,"SITE_EVENTO",2,40.0000000000000000
1904,"INDICACAO",1,20.0000000000000000
1904,"REDE_SOCIAL",2,40.0000000000000000
1904,NULL,2,40.0000000000000000
1905,"EMAIL",2,40.0000000000000000
1905,"OUTRO",1,20.0000000000000000
1905,"SITE_EVENTO",2,40.0000000000000000
1906,"INDICACAO",2,40.0000000000000000
1906,"REDE_SOCIAL",2,40.0000000000000000
1906,NULL,1,20.0000000000000000
1907,"EMAIL",2,40.0000000000000000
1907,"OUTRO",2,40.0000000000000000
1907,"SITE_EVENTO",1,20.0000000000000000
1908,"INDICACAO",2,40.0000000000000000
1908,"REDE_SOCIAL",1,20.0000000000000000
1908,NULL,2,40.0000000000000000
1909,"EMAIL",1,20.0000000000000000
1909,"OUTRO",2,40.0000000000000000
1909,"SITE_EVENTO",2,40.0000000000000000
1910,"INDICACAO",1,20.0000000000000000
1910,"REDE_SOCIAL",2,40.0000000000000000
1910,NULL,2,40.0000000000000000
1911,"EMAIL",2,40.0000000000000000
1911,"OUTRO",1,20.0000000000000000
1911,"SITE_EVENTO",2,40.0000000000000000
1912,"INDICACAO",2,40.0000000000000000
1912,"REDE_SOCIAL",2,40.0000000000000000
1912,NULL,1,20.0000000000000000
1913,"EMAIL",2,40.0000000000000000
1913,"OUTRO",2,40.0000000000000000
1913,"SITE_EVENTO",1,20.0000000000000000
1914,"INDICACAO",2,40.0000000000000000
1914,"REDE_SOCIAL",1,20.0000000000000000
1914,NULL,2,40.0000000000000000
1915,"EMAIL",1,20.0000000000000000
1915,"OUTRO",2,40.0000000000000000
1915,"SITE_EVENTO",2,40.0000000000000000
1916,"INDICACAO",1,20.0000000000000000
1916,"REDE_SOCIAL",2,40.0000000000000000
1916,NULL,2,40.0000000000000000
1917,"EMAIL",2,40.0000000000000000
1917,"OUTRO",1,20.0000000000000000
1917,"SITE_EVENTO",2,40.0000000000000000
1918,"INDICACAO",2,40.0000000000000000
1918,"REDE_SOCIAL",2,40.0000000000000000
1918,NULL,1,20.0000000000000000
1919,"EMAIL",2,40.0000000000000000
1919,"OUTRO",2,40.0000000000000000
1919,"SITE_EVENTO",1,20.0000000000000000
1920,"INDICACAO",2,40.0000000000000000
1920,"REDE_SOCIAL",1,20.0000000000000000
1920,NULL,2,40.0000000000000000
1921,"EMAIL",1,20.0000000000000000
1921,"OUTRO",2,40.0000000000000000
1921,"SITE_EVENTO",2,40.0000000000000000
1922,"INDICACAO",1,20.0000000000000000
1922,"REDE_SOCIAL",2,40.0000000000000000
1922,NULL,2,40.0000000000000000
1923,"EMAIL",2,40.0000000000000000
1923,"OUTRO",1,20.0000000000000000
1923,"SITE_EVENTO",2,40.0000000000000000
1924,"INDICACAO",2,40.0000000000000000
1924,"REDE_SOCIAL",2,40.0000000000000000
1924,NULL,1,20.0000000000000000
1925,"EMAIL",2,40.0000000000000000
1925,"OUTRO",2,40.0000000000000000
1925,"SITE_EVENTO",1,20.0000000000000000
1926,"INDICACAO",2,40.0000000000000000
1926,"REDE_SOCIAL",1,20.0000000000000000
1926,NULL,2,40.0000000000000000
1927,"EMAIL",1,20.0000000000000000
1927,"OUTRO",2,40.0000000000000000
1927,"SITE_EVENTO",2,40.0000000000000000
1928,"INDICACAO",1,20.0000000000000000
1928,"REDE_SOCIAL",2,40.0000000000000000
1928,NULL,2,40.0000000000000000
1929,"EMAIL",2,40.0000000000000000
1929,"OUTRO",1,20.0000000000000000
1929,"SITE_EVENTO",2,40.0000000000000000
1930,"INDICACAO",2,40.0000000000000000
1930,"REDE_SOCIAL",2,40.0000000000000000
1930,NULL,1,20.0000000000000000
1931,"EMAIL",2,40.0000000000000000
1931,"OUTRO",2,40.0000000000000000
1931,"SITE_EVENTO",1,20.0000000000000000
1932,"INDICACAO",2,40.0000000000000000
1932,"REDE_SOCIAL",1,20.0000000000000000
1932,NULL,2,40.0000000000000000
1933,"EMAIL",1,20.0000000000000000
1933,"OUTRO",2,40.0000000000000000
1933,"SITE_EVENTO",2,40.0000000000000000
1934,"INDICACAO",1,20.0000000000000000
1934,"REDE_SOCIAL",2,40.0000000000000000
1934,NULL,2,40.0000000000000000
1935,"EMAIL",2,40.0000000000000000
1935,"OUTRO",1,20.0000000000000000
1935,"SITE_EVENTO",2,40.0000000000000000
1936,"INDICACAO",2,40.0000000000000000
1936,"REDE_SOCIAL",2,40.0000000000000000
1936,NULL,1,20.0000000000000000
1937,"EMAIL",2,40.0000000000000000
1937,"OUTRO",2,40.0000000000000000
1937,"SITE_EVENTO",1,20.0000000000000000
1938,"INDICACAO",2,40.0000000000000000
1938,"REDE_SOCIAL",1,20.0000000000000000
1938,NULL,2,40.0000000000000000
1939,"EMAIL",1,20.0000000000000000
1939,"OUTRO",2,40.0000000000000000
1939,"SITE_EVENTO",2,40.0000000000000000
1940,"INDICACAO",1,20.0000000000000000
1940,"REDE_SOCIAL",2,40.0000000000000000
1940,NULL,2,40.0000000000000000
1941,"EMAIL",2,40.0000000000000000
1941,"OUTRO",1,20.0000000000000000
1941,"SITE_EVENTO",2,40.0000000000000000
1942,"INDICACAO",2,40.0000000000000000
1942,"REDE_SOCIAL",2,40.0000000000000000
1942,NULL,1,20.0000000000000000
1943,"EMAIL",2,40.0000000000000000
1943,"OUTRO",2,40.0000000000000000
1943,"SITE_EVENTO",1,20.0000000000000000
1944,"INDICACAO",2,40.0000000000000000
1944,"REDE_SOCIAL",1,20.0000000000000000
1944,NULL,2,40.0000000000000000
1945,"EMAIL",1,20.0000000000000000
1945,"OUTRO",2,40.0000000000000000
1945,"SITE_EVENTO",2,40.0000000000000000
1946,"INDICACAO",1,20.0000000000000000
1946,"REDE_SOCIAL",2,40.0000000000000000
1946,NULL,2,40.0000000000000000
1947,"EMAIL",2,40.0000000000000000
1947,"OUTRO",1,20.0000000000000000
1947,"SITE_EVENTO",2,40.0000000000000000
1948,"INDICACAO",2,40.0000000000000000
1948,"REDE_SOCIAL",2,40.0000000000000000
1948,NULL,1,20.0000000000000000
1949,"EMAIL",2,40.0000000000000000
1949,"OUTRO",2,40.0000000000000000
1949,"SITE_EVENTO",1,20.0000000000000000
1950,"INDICACAO",2,40.0000000000000000
1950,"REDE_SOCIAL",1,20.0000000000000000
1950,NULL,2,40.0000000000000000
1951,"EMAIL",1,20.0000000000000000
1951,"OUTRO",2,40.0000000000000000
1951,"SITE_EVENTO",2,40.0000000000000000
1952,"INDICACAO",1,20.0000000000000000
1952,"REDE_SOCIAL",2,40.0000000000000000
1952,NULL,2,40.0000000000000000
1953,"EMAIL",2,40.0000000000000000
1953,"OUTRO",1,20.0000000000000000
1953,"SITE_EVENTO",2,40.0000000000000000
1954,"INDICACAO",2,40.0000000000000000
1954,"REDE_SOCIAL",2,40.0000000000000000
1954,NULL,1,20.0000000000000000
1955,"EMAIL",2,40.0000000000000000
1955,"OUTRO",2,40.0000000000000000
1955,"SITE_EVENTO",1,20.0000000000000000
1956,"INDICACAO",2,40.0000000000000000
1956,"REDE_SOCIAL",1,20.0000000000000000
1956,NULL,2,40.0000000000000000
1957,"EMAIL",1,20.0000000000000000
1957,"OUTRO",2,40.0000000000000000
1957,"SITE_EVENTO",2,40.0000000000000000
1958,"INDICACAO",1,20.0000000000000000
1958,"REDE_SOCIAL",2,40.0000000000000000
1958,NULL,2,40.0000000000000000
1959,"EMAIL",2,40.0000000000000000
1959,"OUTRO",1,20.0000000000000000
1959,"SITE_EVENTO",2,40.0000000000000000
1960,"INDICACAO",2,40.0000000000000000
1960,"REDE_SOCIAL",2,40.0000000000000000
1960,NULL,1,20.0000000000000000
1961,"EMAIL",2,40.0000000000000000
1961,"OUTRO",2,40.0000000000000000
1961,"SITE_EVENTO",1,20.0000000000000000
1962,"INDICACAO",2,40.0000000000000000
1962,"REDE_SOCIAL",1,20.0000000000000000
1962,NULL,2,40.0000000000000000
1963,"EMAIL",1,20.0000000000000000
1963,"OUTRO",2,40.0000000000000000
1963,"SITE_EVENTO",2,40.0000000000000000
1964,"INDICACAO",1,20.0000000000000000
1964,"REDE_SOCIAL",2,40.0000000000000000
1964,NULL,2,40.0000000000000000
1965,"EMAIL",2,40.0000000000000000
1965,"OUTRO",1,20.0000000000000000
1965,"SITE_EVENTO",2,40.0000000000000000
1966,"INDICACAO",2,40.0000000000000000
1966,"REDE_SOCIAL",2,40.0000000000000000
1966,NULL,1,20.0000000000000000
1967,"EMAIL",2,40.0000000000000000
1967,"OUTRO",2,40.0000000000000000
1967,"SITE_EVENTO",1,20.0000000000000000
1968,"INDICACAO",2,40.0000000000000000
1968,"REDE_SOCIAL",1,20.0000000000000000
1968,NULL,2,40.0000000000000000
1969,"EMAIL",1,20.0000000000000000
1969,"OUTRO",2,40.0000000000000000
1969,"SITE_EVENTO",2,40.0000000000000000
1970,"INDICACAO",1,20.0000000000000000
1970,"REDE_SOCIAL",2,40.0000000000000000
1970,NULL,2,40.0000000000000000
1971,"EMAIL",2,40.0000000000000000
1971,"OUTRO",1,20.0000000000000000
1971,"SITE_EVENTO",2,40.0000000000000000
1972,"INDICACAO",2,40.0000000000000000
1972,"REDE_SOCIAL",2,40.0000000000000000
1972,NULL,1,20.0000000000000000
1973,"EMAIL",2,40.0000000000000000
1973,"OUTRO",2,40.0000000000000000
1973,"SITE_EVENTO",1,20.0000000000000000
1974,"INDICACAO",2,40.0000000000000000
1974,"REDE_SOCIAL",1,20.0000000000000000
1974,NULL,2,40.0000000000000000
1975,"EMAIL",1,20.0000000000000000
1975,"OUTRO",2,40.0000000000000000
1975,"SITE_EVENTO",2,40.0000000000000000
1976,"INDICACAO",1,20.0000000000000000
1976,"REDE_SOCIAL",2,40.0000000000000000
1976,NULL,2,40.0000000000000000
1977,"EMAIL",2,40.0000000000000000
1977,"OUTRO",1,20.0000000000000000
1977,"SITE_EVENTO",2,40.0000000000000000
1978,"INDICACAO",2,40.0000000000000000
1978,"REDE_SOCIAL",2,40.0000000000000000
1978,NULL,1,20.0000000000000000
1979,"EMAIL",2,40.0000000000000000
1979,"OUTRO",2,40.0000000000000000
1979,"SITE_EVENTO",1,20.0000000000000000
1980,"INDICACAO",2,40.0000000000000000
1980,"REDE_SOCIAL",1,20.0000000000000000
1980,NULL,2,40.0000000000000000
1981,"EMAIL",1,20.0000000000000000
1981,"OUTRO",2,40.0000000000000000
1981,"SITE_EVENTO",2,40.0000000000000000
1982,"INDICACAO",1,20.0000000000000000
1982,"REDE_SOCIAL",2,40.0000000000000000
1982,NULL,2,40.0000000000000000
1983,"EMAIL",2,40.0000000000000000
1983,"OUTRO",1,20.0000000000000000
1983,"SITE_EVENTO",2,40.0000000000000000
1984,"INDICACAO",2,40.0000000000000000
1984,"REDE_SOCIAL",2,40.0000000000000000
1984,NULL,1,20.0000000000000000
1985,"EMAIL",2,40.0000000000000000
1985,"OUTRO",2,40.0000000000000000
1985,"SITE_EVENTO",1,20.0000000000000000
1986,"INDICACAO",2,40.0000000000000000
1986,"REDE_SOCIAL",1,20.0000000000000000
1986,NULL,2,40.0000000000000000
1987,"EMAIL",1,20.0000000000000000
1987,"OUTRO",2,40.0000000000000000
1987,"SITE_EVENTO",2,40.0000000000000000
1988,"INDICACAO",1,20.0000000000000000
1988,"REDE_SOCIAL",2,40.0000000000000000
1988,NULL,2,40.0000000000000000
1989,"EMAIL",2,40.0000000000000000
1989,"OUTRO",1,20.0000000000000000
1989,"SITE_EVENTO",2,40.0000000000000000
1990,"INDICACAO",2,40.0000000000000000
1990,"REDE_SOCIAL",2,40.0000000000000000
1990,NULL,1,20.0000000000000000
1991,"EMAIL",2,40.0000000000000000
1991,"OUTRO",2,40.0000000000000000
1991,"SITE_EVENTO",1,20.0000000000000000
1992,"INDICACAO",2,40.0000000000000000
1992,"REDE_SOCIAL",1,20.0000000000000000
1992,NULL,2,40.0000000000000000
1993,"EMAIL",1,20.0000000000000000
1993,"OUTRO",2,40.0000000000000000
1993,"SITE_EVENTO",2,40.0000000000000000
1994,"INDICACAO",1,20.0000000000000000
1994,"REDE_SOCIAL",2,40.0000000000000000
1994,NULL,2,40.0000000000000000
1995,"EMAIL",2,40.0000000000000000
1995,"OUTRO",1,20.0000000000000000
1995,"SITE_EVENTO",2,40.0000000000000000
1996,"INDICACAO",2,40.0000000000000000
1996,"REDE_SOCIAL",2,40.0000000000000000
1996,NULL,1,20.0000000000000000
1997,"EMAIL",2,40.0000000000000000
1997,"OUTRO",2,40.0000000000000000
1997,"SITE_EVENTO",1,20.0000000000000000
1998,"INDICACAO",2,40.0000000000000000
1998,"REDE_SOCIAL",1,20.0000000000000000
1998,NULL,2,40.0000000000000000
1999,"EMAIL",1,20.0000000000000000
1999,"OUTRO",2,40.0000000000000000
1999,"SITE_EVENTO",2,40.0000000000000000
2000,"INDICACAO",1,25.0000000000000000
2000,"REDE_SOCIAL",2,50.0000000000000000
2000,NULL,1,25.0000000000000000
2001,"EMAIL",2,50.0000000000000000
2001,"OUTRO",1,25.0000000000000000
2001,"SITE_EVENTO",1,25.0000000000000000
2002,"INDICACAO",2,50.0000000000000000
2002,"REDE_SOCIAL",1,25.0000000000000000
2002,NULL,1,25.0000000000000000
2003,"EMAIL",1,25.0000000000000000
2003,"OUTRO",2,50.0000000000000000
2003,"SITE_EVENTO",1,25.0000000000000000
2004,"INDICACAO",1,25.0000000000000000
2004,"REDE_SOCIAL",1,25.0000000000000000
2004,NULL,2,50.0000000000000000
2005,"EMAIL",1,25.0000000000000000
2005,"OUTRO",1,25.0000000000000000
2005,"SITE_EVENTO",2,50.0000000000000000
2006,"INDICACAO",1,25.0000000000000000
2006,"REDE_SOCIAL",2,50.0000000000000000
2006,NULL,1,25.0000000000000000
2007,"EMAIL",2,50.0000000000000000
2007,"OUTRO",1,25.0000000000000000
2007,"SITE_EVENTO",1,25.0000000000000000
2008,"INDICACAO",2,50.0000000000000000
2008,"REDE_SOCIAL",1,25.0000000000000000
2008,NULL,1,25.0000000000000000
2009,"EMAIL",1,25.0000000000000000
2009,"OUTRO",2,50.0000000000000000
2009,"SITE_EVENTO",1,25.0000000000000000
2010,"INDICACAO",1,25.0000000000000000
2010,"REDE_SOCIAL",1,25.0000000000000000
2010,NULL,2,50.0000000000000000
2011,"EMAIL",1,25.0000000000000000
2011,"OUTRO",1,25.0000000000000000
2011,"SITE_EVENTO",2,50.0000000000000000
2012,"INDICACAO",1,25.0000000000000000
2012,"REDE_SOCIAL",2,50.0000000000000000
2012,NULL,1,25.0000000000000000
2013,"EMAIL",2,50.0000000000000000
2013,"OUTRO",1,25.0000000000000000
2013,"SITE_EVENTO",1,25.0000000000000000
2014,"INDICACAO",2,50.0000000000000000
2014,"REDE_SOCIAL",1,25.0000000000000000
2014,NULL,1,25.0000000000000000
2015,"EMAIL",1,25.0000000000000000
2015,"OUTRO",2,50.0000000000000000
2015,"SITE_EVENTO",1,25.0000000000000000
2016,"INDICACAO",1,25.0000000000000000
2016,"REDE_SOCIAL",1,25.0000000000000000
2016,NULL,2,50.0000000000000000
2017,"EMAIL",1,25.0000000000000000
2017,"OUTRO",1,25.0000000000000000
2017,"SITE_EVENTO",2,50.0000000000000000
2018,"INDICACAO",1,25.0000000000000000
2018,"REDE_SOCIAL",2,50.0000000000000000
2018,NULL,1,25.0000000000000000
2019,"EMAIL",2,50.0000000000000000
2019,"OUTRO",1,25.0000000000000000
2019,"SITE_EVENTO",1,25.0000000000000000
2020,"INDICACAO",2,50.0000000000000000
2020,"REDE_SOCIAL",1,25.0000000000000000
2020,NULL,1,25.0000000000000000
2021,"EMAIL",1,25.0000000000000000
2021,"OUTRO",2,50.0000000000000000
2021,"SITE_EVENTO",1,25.0000000000000000
2022,"INDICACAO",1,25.0000000000000000
2022,"REDE_SOCIAL",1,25.0000000000000000
2022,NULL,2,50.0000000000000000
2023,"EMAIL",1,25.0000000000000000
2023,"OUTRO",1,25.0000000000000000
2023,"SITE_EVENTO",2,50.0000000000000000
2024,"INDICACAO",1,25.0000000000000000
2024,"REDE_SOCIAL",2,50.0000000000000000
2024,NULL,1,25.0000000000000000
2025,"EMAIL",2,50.0000000000000000
2025,"OUTRO",1,25.0000000000000000
2025,"SITE_EVENTO",1,25.0000000000000000
2026,"INDICACAO",2,50.0000000000000000
2026,"REDE_SOCIAL",1,25.0000000000000000
2026,NULL,1,25.0000000000000000
2027,"EMAIL",1,25.0000000000000000
2027,"OUTRO",2,50.0000000000000000
2027,"SITE_EVENTO",1,25.0000000000000000
2028,"INDICACAO",1,25.0000000000000000
2028,"REDE_SOCIAL",1,25.0000000000000000
2028,NULL,2,50.0000000000000000
2029,"EMAIL",1,25.0000000000000000
2029,"OUTRO",1,25.0000000000000000
2029,"SITE_EVENTO",2,50.0000000000000000
2030,"INDICACAO",1,25.0000000000000000
2030,"REDE_SOCIAL",2,50.0000000000000000
2030,NULL,1,25.0000000000000000
2031,"EMAIL",2,50.0000000000000000
2031,"OUTRO",1,25.0000000000000000
2031,"SITE_EVENTO",1,25.0000000000000000
2032,"INDICACAO",2,50.0000000000000000
2032,"REDE_SOCIAL",1,25.0000000000000000
2032,NULL,1,25.0000000000000000
2033,"EMAIL",1,25.0000000000000000
2033,"OUTRO",2,50.0000000000000000
2033,"SITE_EVENTO",1,25.0000000000000000
2034,"INDICACAO",1,25.0000000000000000
2034,"REDE_SOCIAL",1,25.0000000000000000
2034,NULL,2,50.0000000000000000
2035,"EMAIL",1,25.0000000000000000
2035,"OUTRO",1,25.0000000000000000
2035,"SITE_EVENTO",2,50.0000000000000000
2036,"INDICACAO",1,25.0000000000000000
2036,"REDE_SOCIAL",2,50.0000000000000000
2036,NULL,1,25.0000000000000000
2037,"EMAIL",2,50.0000000000000000
2037,"OUTRO",1,25.0000000000000000
2037,"SITE_EVENTO",1,25.0000000000000000
2038,"INDICACAO",2,50.0000000000000000
2038,"REDE_SOCIAL",1,25.0000000000000000
2038,NULL,1,25.0000000000000000
2039,"EMAIL",1,25.0000000000000000
2039,"OUTRO",2,50.0000000000000000
2039,"SITE_EVENTO",1,25.0000000000000000
2040,"INDICACAO",1,25.0000000000000000
2040,"REDE_SOCIAL",1,25.0000000000000000
2040,NULL,2,50.0000000000000000
2041,"EMAIL",1,25.0000000000000000
2041,"OUTRO",1,25.0000000000000000
2041,"SITE_EVENTO",2,50.0000000000000000
2042,"INDICACAO",1,25.0000000000000000
2042,"REDE_SOCIAL",2,50.0000000000000000
2042,NULL,1,25.0000000000000000
2043,"EMAIL",2,50.0000000000000000
2043,"OUTRO",1,25.0000000000000000
2043,"SITE_EVENTO",1,25.0000000000000000
2044,"INDICACAO",2,50.0000000000000000
2044,"REDE_SOCIAL",1,25.0000000000000000
2044,NULL,1,25.0000000000000000
2045,"EMAIL",1,25.0000000000000000
2045,"OUTRO",2,50.0000000000000000
2045,"SITE_EVENTO",1,25.0000000000000000
2046,"INDICACAO",1,25.0000000000000000
2046,"REDE_SOCIAL",1,25.0000000000000000
2046,NULL,2,50.0000000000000000
2047,"EMAIL",1,25.0000000000000000
2047,"OUTRO",1,25.0000000000000000
2047,"SITE_EVENTO",2,50.0000000000000000
2048,"INDICACAO",1,25.0000000000000000
2048,"REDE_SOCIAL",2,50.0000000000000000
2048,NULL,1,25.0000000000000000
2049,"EMAIL",2,50.0000000000000000
2049,"OUTRO",1,25.0000000000000000
2049,"SITE_EVENTO",1,25.0000000000000000
2050,"INDICACAO",2,50.0000000000000000
2050,"REDE_SOCIAL",1,25.0000000000000000
2050,NULL,1,25.0000000000000000
2051,"EMAIL",1,25.0000000000000000
2051,"OUTRO",2,50.0000000000000000
2051,"SITE_EVENTO",1,25.0000000000000000
2052,"INDICACAO",1,25.0000000000000000
2052,"REDE_SOCIAL",1,25.0000000000000000
2052,NULL,2,50.0000000000000000
2053,"EMAIL",1,25.0000000000000000
2053,"OUTRO",1,25.0000000000000000
2053,"SITE_EVENTO",2,50.0000000000000000
2054,"INDICACAO",1,25.0000000000000000
2054,"REDE_SOCIAL",2,50.0000000000000000
2054,NULL,1,25.0000000000000000
2055,"EMAIL",2,50.0000000000000000
2055,"OUTRO",1,25.0000000000000000
2055,"SITE_EVENTO",1,25.0000000000000000
2056,"INDICACAO",2,50.0000000000000000
2056,"REDE_SOCIAL",1,25.0000000000000000
2056,NULL,1,25.0000000000000000
2057,"EMAIL",1,25.0000000000000000
2057,"OUTRO",2,50.0000000000000000
2057,"SITE_EVENTO",1,25.0000000000000000
2058,"INDICACAO",1,25.0000000000000000
2058,"REDE_SOCIAL",1,25.0000000000000000
2058,NULL,2,50.0000000000000000
2059,"EMAIL",1,25.0000000000000000
2059,"OUTRO",1,25.0000000000000000
2059,"SITE_EVENTO",2,50.0000000000000000
2060,"INDICACAO",1,25.0000000000000000
2060,"REDE_SOCIAL",2,50.0000000000000000
2060,NULL,1,25.0000000000000000
2061,"EMAIL",2,50.0000000000000000
2061,"OUTRO",1,25.0000000000000000
2061,"SITE_EVENTO",1,25.0000000000000000
2062,"INDICACAO",2,50.0000000000000000
2062,"REDE_SOCIAL",1,25.0000000000000000
2062,NULL,1,25.0000000000000000
2063,"EMAIL",1,25.0000000000000000
2063,"OUTRO",2,50.0000000000000000
2063,"SITE_EVENTO",1,25.0000000000000000
2064,"INDICACAO",1,25.0000000000000000
2064,"REDE_SOCIAL",1,25.0000000000000000
2064,NULL,2,50.0000000000000000
2065,"EMAIL",1,25.0000000000000000
2065,"OUTRO",1,25.0000000000000000
2065,"SITE_EVENTO",2,50.0000000000000000
2066,"INDICACAO",1,25.0000000000000000
2066,"REDE_SOCIAL",2,50.0000000000000000
2066,NULL,1,25.0000000000000000
2067,"EMAIL",2,50.0000000000000000
2067,"OUTRO",1,25.0000000000000000
2067,"SITE_EVENTO",1,25.0000000000000000
2068,"INDICACAO",2,50.0000000000000000
2068,"REDE_SOCIAL",1,25.0000000000000000
2068,NULL,1,25.0000000000000000
2069,"EMAIL",1,25.0000000000000000
2069,"OUTRO",2,50.0000000000000000
2069,"SITE_EVENTO",1,25.0000000000000000
2070,"INDICACAO",1,25.0000000000000000
2070,"REDE_SOCIAL",1,25.0000000000000000
2070,NULL,2,50.0000000000000000
2071,"EMAIL",1,25.0000000000000000
2071,"OUTRO",1,25.0000000000000000
2071,"SITE_EVENTO",2,50.0000000000000000
2072,"INDICACAO",1,25.0000000000000000
2072,"REDE_SOCIAL",2,50.0000000000000000
2072,NULL,1,25.0000000000000000
2073,"EMAIL",2,50.0000000000000000
2073,"OUTRO",1,25.0000000000000000
2073,"SITE_EVENTO",1,25.0000000000000000
2074,"INDICACAO",2,50.0000000000000000
2074,"REDE_SOCIAL",1,25.0000000000000000
2074,NULL,1,25.0000000000000000
2075,"EMAIL",1,25.0000000000000000
2075,"OUTRO",2,50.0000000000000000
2075,"SITE_EVENTO",1,25.0000000000000000
2076,"INDICACAO",1,25.0000000000000000
2076,"REDE_SOCIAL",1,25.0000000000000000
2076,NULL,2,50.0000000000000000
2077,"EMAIL",1,25.0000000000000000
2077,"OUTRO",1,25.0000000000000000
2077,"SITE_EVENTO",2,50.0000000000000000
2078,"INDICACAO",1,25.0000000000000000
2078,"REDE_SOCIAL",2,50.0000000000000000
2078,NULL,1,25.0000000000000000
2079,"EMAIL",2,50.0000000000000000
2079,"OUTRO",1,25.0000000000000000
2079,"SITE_EVENTO",1,25.0000000000000000
2080,"INDICACAO",2,50.0000000000000000
2080,"REDE_SOCIAL",1,25.0000000000000000
2080,NULL,1,25.0000000000000000
2081,"EMAIL",1,25.0000000000000000
2081,"OUTRO",2,50.0000000000000000
2081,"SITE_EVENTO",1,25.0000000000000000
2082,"INDICACAO",1,25.0000000000000000
2082,"REDE_SOCIAL",1,25.0000000000000000
2082,NULL,2,50.0000000000000000
2083,"EMAIL",1,25.0000000000000000
2083,"OUTRO",1,25.0000000000000000
2083,"SITE_EVENTO",2,50.0000000000000000
2084,"INDICACAO",1,25.0000000000000000
2084,"REDE_SOCIAL",2,50.0000000000000000
2084,NULL,1,25.0000000000000000
2085,"EMAIL",2,50.0000000000000000
2085,"OUTRO",1,25.0000000000000000
2085,"SITE_EVENTO",1,25.0000000000000000
2086,"INDICACAO",2,50.0000000000000000
2086,"REDE_SOCIAL",1,25.0000000000000000
2086,NULL,1,25.0000000000000000
2087,"EMAIL",1,25.0000000000000000
2087,"OUTRO",2,50.0000000000000000
2087,"SITE_EVENTO",1,25.0000000000000000
2088,"INDICACAO",1,25.0000000000000000
2088,"REDE_SOCIAL",1,25.0000000000000000
2088,NULL,2,50.0000000000000000
2089,"EMAIL",1,25.0000000000000000
2089,"OUTRO",1,25.0000000000000000
2089,"SITE_EVENTO",2,50.0000000000000000
2090,"INDICACAO",1,25.0000000000000000
2090,"REDE_SOCIAL",2,50.0000000000000000
2090,NULL,1,25.0000000000000000
2091,"EMAIL",2,50.0000000000000000
2091,"OUTRO",1,25.0000000000000000
2091,"SITE_EVENTO",1,25.0000000000000000
2092,"INDICACAO",2,50.0000000000000000
2092,"REDE_SOCIAL",1,25.0000000000000000
2092,NULL,1,25.0000000000000000
2093,"EMAIL",1,25.0000000000000000
2093,"OUTRO",2,50.0000000000000000
2093,"SITE_EVENTO",1,25.0000000000000000
2094,"INDICACAO",1,25.0000000000000000
2094,"REDE_SOCIAL",1,25.0000000000000000
2094,NULL,2,50.0000000000000000
2095,"EMAIL",1,25.0000000000000000
2095,"OUTRO",1,25.0000000000000000
2095,"SITE_EVENTO",2,50.0000000000000000
2096,"INDICACAO",1,25.0000000000000000
2096,"REDE_SOCIAL",2,50.0000000000000000
2096,NULL,1,25.0000000000000000
2097,"EMAIL",2,50.0000000000000000
2097,"OUTRO",1,25.0000000000000000
2097,"SITE_EVENTO",1,25.0000000000000000
2098,"INDICACAO",2,50.0000000000000000
2098,"REDE_SOCIAL",1,25.0000000000000000
2098,NULL,1,25.0000000000000000
2099,"EMAIL",1,25.0000000000000000
2099,"OUTRO",2,50.0000000000000000
2099,"SITE_EVENTO",1,25.0000000000000000
2100,"INDICACAO",1,25.0000000000000000
2100,"REDE_SOCIAL",1,25.0000000000000000
2100,NULL,2,50.0000000000000000
2101,"EMAIL",1,25.0000000000000000
2101,"OUTRO",1,25.0000000000000000
2101,"SITE_EVENTO",2,50.0000000000000000
2102,"INDICACAO",1,25.0000000000000000
2102,"REDE_SOCIAL",2,50.0000000000000000
2102,NULL,1,25.0000000000000000
2103,"EMAIL",2,50.0000000000000000
2103,"OUTRO",1,25.0000000000000000
2103,"SITE_EVENTO",1,25.0000000000000000
2104,"INDICACAO",2,50.0000000000000000
2104,"REDE_SOCIAL",1,25.0000000000000000
2104,NULL,1,25.0000000000000000
2105,"EMAIL",1,25.0000000000000000
2105,"OUTRO",2,50.0000000000000000
2105,"SITE_EVENTO",1,25.0000000000000000
2106,"INDICACAO",1,25.0000000000000000
2106,"REDE_SOCIAL",1,25.0000000000000000
2106,NULL,2,50.0000000000000000
2107,"EMAIL",1,25.0000000000000000
2107,"OUTRO",1,25.0000000000000000
2107,"SITE_EVENTO",2,50.0000000000000000
2108,"INDICACAO",1,25.0000000000000000
2108,"REDE_SOCIAL",2,50.0000000000000000
2108,NULL,1,25.0000000000000000
2109,"EMAIL",2,50.0000000000000000
2109,"OUTRO",1,25.0000000000000000
2109,"SITE_EVENTO",1,25.0000000000000000
2110,"INDICACAO",2,50.0000000000000000
2110,"REDE_SOCIAL",1,25.0000000000000000
2110,NULL,1,25.0000000000000000
2111,"EMAIL",1,25.0000000000000000
2111,"OUTRO",2,50.0000000000000000
2111,"SITE_EVENTO",1,25.0000000000000000
2112,"INDICACAO",1,25.0000000000000000
2112,"REDE_SOCIAL",1,25.0000000000000000
2112,NULL,2,50.0000000000000000
2113,"EMAIL",1,25.0000000000000000
2113,"OUTRO",1,25.0000000000000000
2113,"SITE_EVENTO",2,50.0000000000000000
2114,"INDICACAO",1,25.0000000000000000
2114,"REDE_SOCIAL",2,50.0000000000000000
2114,NULL,1,25.0000000000000000
2115,"EMAIL",2,50.0000000000000000
2115,"OUTRO",1,25.0000000000000000
2115,"SITE_EVENTO",1,25.0000000000000000
2116,"INDICACAO",2,50.0000000000000000
2116,"REDE_SOCIAL",1,25.0000000000000000
2116,NULL,1,25.0000000000000000
2117,"EMAIL",1,25.0000000000000000
2117,"OUTRO",2,50.0000000000000000
2117,"SITE_EVENTO",1,25.0000000000000000
2118,"INDICACAO",1,25.0000000000000000
2118,"REDE_SOCIAL",1,25.0000000000000000
2118,NULL,2,50.0000000000000000
2119,"EMAIL",1,25.0000000000000000
2119,"OUTRO",1,25.0000000000000000
2119,"SITE_EVENTO",2,50.0000000000000000
2120,"INDICACAO",1,25.0000000000000000
2120,"REDE_SOCIAL",2,50.0000000000000000
2120,NULL,1,25.0000000000000000
2121,"EMAIL",2,50.0000000000000000
2121,"OUTRO",1,25.0000000000000000
2121,"SITE_EVENTO",1,25.0000000000000000
2122,"INDICACAO",2,50.0000000000000000
2122,"REDE_SOCIAL",1,25.0000000000000000
2122,NULL,1,25.0000000000000000
2123,"EMAIL",1,25.0000000000000000
2123,"OUTRO",2,50.0000000000000000
2123,"SITE_EVENTO",1,25.0000000000000000
2124,"INDICACAO",1,25.0000000000000000
2124,"REDE_SOCIAL",1,25.0000000000000000
2124,NULL,2,50.0000000000000000
2125,"EMAIL",1,25.0000000000000000
2125,"OUTRO",1,25.0000000000000000
2125,"SITE_EVENTO",2,50.0000000000000000
2126,"INDICACAO",1,25.0000000000000000
2126,"REDE_SOCIAL",2,50.0000000000000000
2126,NULL,1,25.0000000000000000
2127,"EMAIL",2,50.0000000000000000
2127,"OUTRO",1,25.0000000000000000
2127,"SITE_EVENTO",1,25.0000000000000000
2128,"INDICACAO",2,50.0000000000000000
2128,"REDE_SOCIAL",1,25.0000000000000000
2128,NULL,1,25.0000000000000000
2129,"EMAIL",1,25.0000000000000000
2129,"OUTRO",2,50.0000000000000000
2129,"SITE_EVENTO",1,25.0000000000000000
2130,"INDICACAO",1,25.0000000000000000
2130,"REDE_SOCIAL",1,25.0000000000000000
2130,NULL,2,50.0000000000000000
2131,"EMAIL",1,25.0000000000000000
2131,"OUTRO",1,25.0000000000000000
2131,"SITE_EVENTO",2,50.0000000000000000
2132,"INDICACAO",1,25.0000000000000000
2132,"REDE_SOCIAL",2,50.0000000000000000
2132,NULL,1,25.0000000000000000
2133,"EMAIL",2,50.0000000000000000
2133,"OUTRO",1,25.0000000000000000
2133,"SITE_EVENTO",1,25.0000000000000000
2134,"INDICACAO",2,50.0000000000000000
2134,"REDE_SOCIAL",1,25.0000000000000000
2134,NULL,1,25.0000000000000000
2135,"EMAIL",1,25.0000000000000000
2135,"OUTRO",2,50.0000000000000000
2135,"SITE_EVENTO",1,25.0000000000000000
2136,"INDICACAO",1,25.0000000000000000
2136,"REDE_SOCIAL",1,25.0000000000000000
2136,NULL,2,50.0000000000000000
2137,"EMAIL",1,25.0000000000000000
2137,"OUTRO",1,25.0000000000000000
2137,"SITE_EVENTO",2,50.0000000000000000
2138,"INDICACAO",1,25.0000000000000000
2138,"REDE_SOCIAL",2,50.0000000000000000
2138,NULL,1,25.0000000000000000
2139,"EMAIL",2,50.0000000000000000
2139,"OUTRO",1,25.0000000000000000
2139,"SITE_EVENTO",1,25.0000000000000000
2140,"INDICACAO",2,50.0000000000000000
2140,"REDE_SOCIAL",1,25.0000000000000000
2140,NULL,1,25.0000000000000000
2141,"EMAIL",1,25.0000000000000000
2141,"OUTRO",2,50.0000000000000000
2141,"SITE_EVENTO",1,25.0000000000000000
2142,"INDICACAO",1,25.0000000000000000
2142,"REDE_SOCIAL",1,25.0000000000000000
2142,NULL,2,50.0000000000000000
2143,"EMAIL",1,25.0000000000000000
2143,"OUTRO",1,25.0000000000000000
2143,"SITE_EVENTO",2,50.0000000000000000
2144,"INDICACAO",1,25.0000000000000000
2144,"REDE_SOCIAL",2,50.0000000000000000
2144,NULL,1,25.0000000000000000
2145,"EMAIL",2,50.0000000000000000
2145,"OUTRO",1,25.0000000000000000
2145,"SITE_EVENTO",1,25.0000000000000000
2146,"INDICACAO",2,50.0000000000000000
2146,"REDE_SOCIAL",1,25.0000000000000000
2146,NULL,1,25.0000000000000000
2147,"EMAIL",1,25.0000000000000000
2147,"OUTRO",2,50.0000000000000000
2147,"SITE_EVENTO",1,25.0000000000000000
2148,"INDICACAO",1,25.0000000000000000
2148,"REDE_SOCIAL",1,25.0000000000000000
2148,NULL,2,50.0000000000000000
2149,"EMAIL",1,25.0000000000000000
2149,"OUTRO",1,25.0000000000000000
2149,"SITE_EVENTO",2,50.0000000000000000
2150,"INDICACAO",1,25.0000000000000000
2150,"REDE_SOCIAL",2,50.0000000000000000
2150,NULL,1,25.0000000000000000
2151,"EMAIL",2,50.0000000000000000
2151,"OUTRO",1,25.0000000000000000
2151,"SITE_EVENTO",1,25.0000000000000000
2152,"INDICACAO",2,50.0000000000000000
2152,"REDE_SOCIAL",1,25.0000000000000000
2152,NULL,1,25.0000000000000000
2153,"EMAIL",1,25.0000000000000000
2153,"OUTRO",2,50.0000000000000000
2153,"SITE_EVENTO",1,25.0000000000000000
2154,"INDICACAO",1,25.0000000000000000
2154,"REDE_SOCIAL",1,25.0000000000000000
2154,NULL,2,50.0000000000000000
2155,"EMAIL",1,25.0000000000000000
2155,"OUTRO",1,25.0000000000000000
2155,"SITE_EVENTO",2,50.0000000000000000
2156,"INDICACAO",1,25.0000000000000000
2156,"REDE_SOCIAL",2,50.0000000000000000
2156,NULL,1,25.0000000000000000
2157,"EMAIL",2,50.0000000000000000
2157,"OUTRO",1,25.0000000000000000
2157,"SITE_EVENTO",1,25.0000000000000000
2158,"INDICACAO",2,50.0000000000000000
2158,"REDE_SOCIAL",1,25.0000000000000000
2158,NULL,1,25.0000000000000000
2159,"EMAIL",1,25.0000000000000000
2159,"OUTRO",2,50.0000000000000000
2159,"SITE_EVENTO",1,25.0000000000000000
2160,"INDICACAO",1,25.0000000000000000
2160,"REDE_SOCIAL",1,25.0000000000000000
2160,NULL,2,50.0000000000000000
2161,"EMAIL",1,25.0000000000000000
2161,"OUTRO",1,25.0000000000000000
2161,"SITE_EVENTO",2,50.0000000000000000
2162,"INDICACAO",1,25.0000000000000000
2162,"REDE_SOCIAL",2,50.0000000000000000
2162,NULL,1,25.0000000000000000
2163,"EMAIL",2,50.0000000000000000
2163,"OUTRO",1,25.0000000000000000
2163,"SITE_EVENTO",1,25.0000000000000000
2164,"INDICACAO",2,50.0000000000000000
2164,"REDE_SOCIAL",1,25.0000000000000000
2164,NULL,1,25.0000000000000000
2165,"EMAIL",1,25.0000000000000000
2165,"OUTRO",2,50.0000000000000000
2165,"SITE_EVENTO",1,25.0000000000000000
2166,"INDICACAO",1,25.0000000000000000
2166,"REDE_SOCIAL",1,25.0000000000000000
2166,NULL,2,50.0000000000000000
2167,"EMAIL",1,25.0000000000000000
2167,"OUTRO",1,25.0000000000000000
2167,"SITE_EVENTO",2,50.0000000000000000
2168,"INDICACAO",1,25.0000000000000000
2168,"REDE_SOCIAL",2,50.0000000000000000
2168,NULL,1,25.0000000000000000
2169,"EMAIL",2,50.0000000000000000
2169,"OUTRO",1,25.0000000000000000
2169,"SITE_EVENTO",1,25.0000000000000000
2170,"INDICACAO",2,50.0000000000000000
2170,"REDE_SOCIAL",1,25.0000000000000000
2170,NULL,1,25.0000000000000000
2171,"EMAIL",1,25.0000000000000000
2171,"OUTRO",2,50.0000000000000000
2171,"SITE_EVENTO",1,25.0000000000000000
2172,"INDICACAO",1,25.0000000000000000
2172,"REDE_SOCIAL",1,25.0000000000000000
2172,NULL,2,50.0000000000000000
2173,"EMAIL",1,25.0000000000000000
2173,"OUTRO",1,25.0000000000000000
2173,"SITE_EVENTO",2,50.0000000000000000
2174,"INDICACAO",1,25.0000000000000000
2174,"REDE_SOCIAL",2,50.0000000000000000
2174,NULL,1,25.0000000000000000
2175,"EMAIL",2,50.0000000000000000
2175,"OUTRO",1,25.0000000000000000
2175,"SITE_EVENTO",1,25.0000000000000000
2176,"INDICACAO",2,50.0000000000000000
2176,"REDE_SOCIAL",1,25.0000000000000000
2176,NULL,1,25.0000000000000000
2177,"EMAIL",1,25.0000000000000000
2177,"OUTRO",2,50.0000000000000000
2177,"SITE_EVENTO",1,25.0000000000000000
2178,"INDICACAO",1,25.0000000000000000
2178,"REDE_SOCIAL",1,25.0000000000000000
2178,NULL,2,50.0000000000000000
2179,"EMAIL",1,25.0000000000000000
2179,"OUTRO",1,25.0000000000000000
2179,"SITE_EVENTO",2,50.0000000000000000
2180,"INDICACAO",1,25.0000000000000000
2180,"REDE_SOCIAL",2,50.0000000000000000
2180,NULL,1,25.0000000000000000
2181,"EMAIL",2,50.0000000000000000
2181,"OUTRO",1,25.0000000000000000
2181,"SITE_EVENTO",1,25.0000000000000000
2182,"INDICACAO",2,50.0000000000000000
2182,"REDE_SOCIAL",1,25.0000000000000000
2182,NULL,1,25.0000000000000000
2183,"EMAIL",1,25.0000000000000000
2183,"OUTRO",2,50.0000000000000000
2183,"SITE_EVENTO",1,25.0000000000000000
2184,"INDICACAO",1,25.0000000000000000
2184,"REDE_SOCIAL",1,25.0000000000000000
2184,NULL,2,50.0000000000000000
2185,"EMAIL",1,25.0000000000000000
2185,"OUTRO",1,25.0000000000000000
2185,"SITE_EVENTO",2,50.0000000000000000
2186,"INDICACAO",1,25.0000000000000000
2186,"REDE_SOCIAL",2,50.0000000000000000
2186,NULL,1,25.0000000000000000
2187,"EMAIL",2,50.0000000000000000
2187,"OUTRO",1,25.0000000000000000
2187,"SITE_EVENTO",1,25.0000000000000000
2188,"INDICACAO",2,50.0000000000000000
2188,"REDE_SOCIAL",1,25.0000000000000000
2188,NULL,1,25.0000000000000000
2189,"EMAIL",1,25.0000000000000000
2189,"OUTRO",2,50.0000000000000000
2189,"SITE_EVENTO",1,25.0000000000000000
2190,"INDICACAO",1,25.0000000000000000
2190,"REDE_SOCIAL",1,25.0000000000000000
2190,NULL,2,50.0000000000000000
2191,"EMAIL",1,25.0000000000000000
2191,"OUTRO",1,25.0000000000000000
2191,"SITE_EVENTO",2,50.0000000000000000
2192,"INDICACAO",1,25.0000000000000000
2192,"REDE_SOCIAL",2,50.0000000000000000
2192,NULL,1,25.0000000000000000
2193,"EMAIL",2,50.0000000000000000
2193,"OUTRO",1,25.0000000000000000
2193,"SITE_EVENTO",1,25.0000000000000000
2194,"INDICACAO",2,50.0000000000000000
2194,"REDE_SOCIAL",1,25.0000000000000000
2194,NULL,1,25.0000000000000000
2195,"EMAIL",1,25.0000000000000000
2195,"OUTRO",2,50.0000000000000000
2195,"SITE_EVENTO",1,25.0000000000000000
2196,"INDICACAO",1,25.0000000000000000
2196,"REDE_SOCIAL",1,25.0000000000000000
2196,NULL,2,50.0000000000000000
2197,"EMAIL",1,25.0000000000000000
2197,"OUTRO",1,25.0000000000000000
2197,"SITE_EVENTO",2,50.0000000000000000
2198,"INDICACAO",1,25.0000000000000000
2198,"REDE_SOCIAL",2,50.0000000000000000
2198,NULL,1,25.0000000000000000
2199,"EMAIL",2,50.0000000000000000
2199,"OUTRO",1,25.0000000000000000
2199,"SITE_EVENTO",1,25.0000000000000000
2200,"INDICACAO",2,50.0000000000000000
2200,"REDE_SOCIAL",1,25.0000000000000000
2200,NULL,1,25.0000000000000000
2201,"EMAIL",1,25.0000000000000000
2201,"OUTRO",2,50.0000000000000000
2201,"SITE_EVENTO",1,25.0000000000000000
2202,"INDICACAO",1,25.0000000000000000
2202,"REDE_SOCIAL",1,25.0000000000000000
2202,NULL,2,50.0000000000000000
2203,"EMAIL",1,25.0000000000000000
2203,"OUTRO",1,25.0000000000000000
2203,"SITE_EVENTO",2,50.0000000000000000
2204,"INDICACAO",1,25.0000000000000000
2204,"REDE_SOCIAL",2,50.0000000000000000
2204,NULL,1,25.0000000000000000
2205,"EMAIL",2,50.0000000000000000
2205,"OUTRO",1,25.0000000000000000
2205,"SITE_EVENTO",1,25.0000000000000000
2206,"INDICACAO",2,50.0000000000000000
2206,"REDE_SOCIAL",1,25.0000000000000000
2206,NULL,1,25.0000000000000000
2207,"EMAIL",1,25.0000000000000000
2207,"OUTRO",2,50.0000000000000000
2207,"SITE_EVENTO",1,25.0000000000000000
2208,"INDICACAO",1,25.0000000000000000
2208,"REDE_SOCIAL",1,25.0000000000000000
2208,NULL,2,50.0000000000000000
2209,"EMAIL",1,25.0000000000000000
2209,"OUTRO",1,25.0000000000000000
2209,"SITE_EVENTO",2,50.0000000000000000
2210,"INDICACAO",1,25.0000000000000000
2210,"REDE_SOCIAL",2,50.0000000000000000
2210,NULL,1,25.0000000000000000
2211,"EMAIL",2,50.0000000000000000
2211,"OUTRO",1,25.0000000000000000
2211,"SITE_EVENTO",1,25.0000000000000000
2212,"INDICACAO",2,50.0000000000000000
2212,"REDE_SOCIAL",1,25.0000000000000000
2212,NULL,1,25.0000000000000000
2213,"EMAIL",1,25.0000000000000000
2213,"OUTRO",2,50.0000000000000000
2213,"SITE_EVENTO",1,25.0000000000000000
2214,"INDICACAO",1,25.0000000000000000
2214,"REDE_SOCIAL",1,25.0000000000000000
2214,NULL,2,50.0000000000000000
2215,"EMAIL",1,25.0000000000000000
2215,"OUTRO",1,25.0000000000000000
2215,"SITE_EVENTO",2,50.0000000000000000
2216,"INDICACAO",1,25.0000000000000000
2216,"REDE_SOCIAL",2,50.0000000000000000
2216,NULL,1,25.0000000000000000
2217,"EMAIL",2,50.0000000000000000
2217,"OUTRO",1,25.0000000000000000
2217,"SITE_EVENTO",1,25.0000000000000000
2218,"INDICACAO",2,50.0000000000000000
2218,"REDE_SOCIAL",1,25.0000000000000000
2218,NULL,1,25.0000000000000000
2219,"EMAIL",1,25.0000000000000000
2219,"OUTRO",2,50.0000000000000000
2219,"SITE_EVENTO",1,25.0000000000000000
2220,"INDICACAO",1,25.0000000000000000
2220,"REDE_SOCIAL",1,25.0000000000000000
2220,NULL,2,50.0000000000000000
2221,"EMAIL",1,25.0000000000000000
2221,"OUTRO",1,25.0000000000000000
2221,"SITE_EVENTO",2,50.0000000000000000
2222,"INDICACAO",1,25.0000000000000000
2222,"REDE_SOCIAL",2,50.0000000000000000
2222,NULL,1,25.0000000000000000
2223,"EMAIL",2,50.0000000000000000
2223,"OUTRO",1,25.0000000000000000
2223,"SITE_EVENTO",1,25.0000000000000000
2224,"INDICACAO",2,50.0000000000000000
2224,"REDE_SOCIAL",1,25.0000000000000000
2224,NULL,1,25.0000000000000000
2225,"EMAIL",1,25.0000000000000000
2225,"OUTRO",2,50.0000000000000000
2225,"SITE_EVENTO",1,25.0000000000000000
2226,"INDICACAO",1,25.0000000000000000
2226,"REDE_SOCIAL",1,25.0000000000000000
2226,NULL,2,50.0000000000000000
2227,"EMAIL",1,25.0000000000000000
2227,"OUTRO",1,25.0000000000000000
2227,"SITE_EVENTO",2,50.0000000000000000
2228,"INDICACAO",1,25.0000000000000000
2228,"REDE_SOCIAL",2,50.0000000000000000
2228,NULL,1,25.0000000000000000
2229,"EMAIL",2,50.0000000000000000
2229,"OUTRO",1,25.0000000000000000
2229,"SITE_EVENTO",1,25.0000000000000000
2230,"INDICACAO",2,50.0000000000000000
2230,"REDE_SOCIAL",1,25.0000000000000000
2230,NULL,1,25.0000000000000000
2231,"EMAIL",1,25.0000000000000000
2231,"OUTRO",2,50.0000000000000000
2231,"SITE_EVENTO",1,25.0000000000000000
2232,"INDICACAO",1,25.0000000000000000
2232,"REDE_SOCIAL",1,25.0000000000000000
2232,NULL,2,50.0000000000000000
2233,"EMAIL",1,25.0000000000000000
2233,"OUTRO",1,25.0000000000000000
2233,"SITE_EVENTO",2,50.0000000000000000
2234,"INDICACAO",1,25.0000000000000000
2234,"REDE_SOCIAL",2,50.0000000000000000
2234,NULL,1,25.0000000000000000
2235,"EMAIL",2,50.0000000000000000
2235,"OUTRO",1,25.0000000000000000
2235,"SITE_EVENTO",1,25.0000000000000000
2236,"INDICACAO",2,50.0000000000000000
2236,"REDE_SOCIAL",1,25.0000000000000000
2236,NULL,1,25.0000000000000000
2237,"EMAIL",1,25.0000000000000000
2237,"OUTRO",2,50.0000000000000000
2237,"SITE_EVENTO",1,25.0000000000000000
2238,"INDICACAO",1,25.0000000000000000
2238,"REDE_SOCIAL",1,25.0000000000000000
2238,NULL,2,50.0000000000000000
2239,"EMAIL",1,25.0000000000000000
2239,"OUTRO",1,25.0000000000000000
2239,"SITE_EVENTO",2,50.0000000000000000
2240,"INDICACAO",1,25.0000000000000000
2240,"REDE_SOCIAL",2,50.0000000000000000
2240,NULL,1,25.0000000000000000
2241,"EMAIL",2,50.0000000000000000
2241,"OUTRO",1,25.0000000000000000
2241,"SITE_EVENTO",1,25.0000000000000000
2242,"INDICACAO",2,50.0000000000000000
2242,"REDE_SOCIAL",1,25.0000000000000000
2242,NULL,1,25.0000000000000000
2243,"EMAIL",1,25.0000000000000000
2243,"OUTRO",2,50.0000000000000000
2243,"SITE_EVENTO",1,25.0000000000000000
2244,"INDICACAO",1,25.0000000000000000
2244,"REDE_SOCIAL",1,25.0000000000000000
2244,NULL,2,50.0000000000000000
2245,"EMAIL",1,25.0000000000000000
2245,"OUTRO",1,25.0000000000000000
2245,"SITE_EVENTO",2,50.0000000000000000
2246,"INDICACAO",1,25.0000000000000000
2246,"REDE_SOCIAL",2,50.0000000000000000
2246,NULL,1,25.0000000000000000
2247,"EMAIL",2,50.0000000000000000
2247,"OUTRO",1,25.0000000000000000
2247,"SITE_EVENTO",1,25.0000000000000000
2248,"INDICACAO",2,50.0000000000000000
2248,"REDE_SOCIAL",1,25.0000000000000000
2248,NULL,1,25.0000000000000000
2249,"EMAIL",1,25.0000000000000000
2249,"OUTRO",2,50.0000000000000000
2249,"SITE_EVENTO",1,25.0000000000000000
2250,"INDICACAO",1,25.0000000000000000
2250,"REDE_SOCIAL",1,25.0000000000000000
2250,NULL,2,50.0000000000000000
2251,"EMAIL",1,25.0000000000000000
2251,"OUTRO",1,25.0000000000000000
2251,"SITE_EVENTO",2,50.0000000000000000
2252,"INDICACAO",1,25.0000000000000000
2252,"REDE_SOCIAL",2,50.0000000000000000
2252,NULL,1,25.0000000000000000
2253,"EMAIL",2,50.0000000000000000
2253,"OUTRO",1,25.0000000000000000
2253,"SITE_EVENTO",1,25.0000000000000000
2254,"INDICACAO",2,50.0000000000000000
2254,"REDE_SOCIAL",1,25.0000000000000000
2254,NULL,1,25.0000000000000000
2255,"EMAIL",1,25.0000000000000000
2255,"OUTRO",2,50.0000000000000000
2255,"SITE_EVENTO",1,25.0000000000000000
2256,"INDICACAO",1,25.0000000000000000
2256,"REDE_SOCIAL",1,25.0000000000000000
2256,NULL,2,50.0000000000000000
2257,"EMAIL",1,25.0000000000000000
2257,"OUTRO",1,25.0000000000000000
2257,"SITE_EVENTO",2,50.0000000000000000
2258,"INDICACAO",1,25.0000000000000000
2258,"REDE_SOCIAL",2,50.0000000000000000
2258,NULL,1,25.0000000000000000
2259,"EMAIL",2,50.0000000000000000
2259,"OUTRO",1,25.0000000000000000
2259,"SITE_EVENTO",1,25.0000000000000000
2260,"INDICACAO",2,50.0000000000000000
2260,"REDE_SOCIAL",1,25.0000000000000000
2260,NULL,1,25.0000000000000000
2261,"EMAIL",1,25.0000000000000000
2261,"OUTRO",2,50.0000000000000000
2261,"SITE_EVENTO",1,25.0000000000000000
2262,"INDICACAO",1,25.0000000000000000
2262,"REDE_SOCIAL",1,25.0000000000000000
2262,NULL,2,50.0000000000000000
2263,"EMAIL",1,25.0000000000000000
2263,"OUTRO",1,25.0000000000000000
2263,"SITE_EVENTO",2,50.0000000000000000
2264,"INDICACAO",1,25.0000000000000000
2264,"REDE_SOCIAL",2,50.0000000000000000
2264,NULL,1,25.0000000000000000
2265,"EMAIL",2,50.0000000000000000
2265,"OUTRO",1,25.0000000000000000
2265,"SITE_EVENTO",1,25.0000000000000000
2266,"INDICACAO",2,50.0000000000000000
2266,"REDE_SOCIAL",1,25.0000000000000000
2266,NULL,1,25.0000000000000000
2267,"EMAIL",1,25.0000000000000000
2267,"OUTRO",2,50.0000000000000000
2267,"SITE_EVENTO",1,25.0000000000000000
2268,"INDICACAO",1,25.0000000000000000
2268,"REDE_SOCIAL",1,25.0000000000000000
2268,NULL,2,50.0000000000000000
2269,"EMAIL",1,25.0000000000000000
2269,"OUTRO",1,25.0000000000000000
2269,"SITE_EVENTO",2,50.0000000000000000
2270,"INDICACAO",1,25.0000000000000000
2270,"REDE_SOCIAL",2,50.0000000000000000
2270,NULL,1,25.0000000000000000
2271,"EMAIL",2,50.0000000000000000
2271,"OUTRO",1,25.0000000000000000
2271,"SITE_EVENTO",1,25.0000000000000000
2272,"INDICACAO",2,50.0000000000000000
2272,"REDE_SOCIAL",1,25.0000000000000000
2272,NULL,1,25.0000000000000000
2273,"EMAIL",1,25.0000000000000000
2273,"OUTRO",2,50.0000000000000000
2273,"SITE_EVENTO",1,25.0000000000000000
2274,"INDICACAO",1,25.0000000000000000
2274,"REDE_SOCIAL",1,25.0000000000000000
2274,NULL,2,50.0000000000000000
2275,"EMAIL",1,25.0000000000000000
2275,"OUTRO",1,25.0000000000000000
2275,"SITE_EVENTO",2,50.0000000000000000
2276,"INDICACAO",1,25.0000000000000000
2276,"REDE_SOCIAL",2,50.0000000000000000
2276,NULL,1,25.0000000000000000
2277,"EMAIL",2,50.0000000000000000
2277,"OUTRO",1,25.0000000000000000
2277,"SITE_EVENTO",1,25.0000000000000000
2278,"INDICACAO",2,50.0000000000000000
2278,"REDE_SOCIAL",1,25.0000000000000000
2278,NULL,1,25.0000000000000000
2279,"EMAIL",1,25.0000000000000000
2279,"OUTRO",2,50.0000000000000000
2279,"SITE_EVENTO",1,25.0000000000000000
2280,"INDICACAO",1,25.0000000000000000
2280,"REDE_SOCIAL",1,25.0000000000000000
2280,NULL,2,50.0000000000000000
2281,"EMAIL",1,25.0000000000000000
2281,"OUTRO",1,25.0000000000000000
2281,"SITE_EVENTO",2,50.0000000000000000
2282,"INDICACAO",1,25.0000000000000000
2282,"REDE_SOCIAL",2,50.0000000000000000
2282,NULL,1,25.0000000000000000
2283,"EMAIL",2,50.0000000000000000
2283,"OUTRO",1,25.0000000000000000
2283,"SITE_EVENTO",1,25.0000000000000000
2284,"INDICACAO",2,50.0000000000000000
2284,"REDE_SOCIAL",1,25.0000000000000000
2284,NULL,1,25.0000000000000000
2285,"EMAIL",1,25.0000000000000000
2285,"OUTRO",2,50.0000000000000000
2285,"SITE_EVENTO",1,25.0000000000000000
2286,"INDICACAO",1,25.0000000000000000
2286,"REDE_SOCIAL",1,25.0000000000000000
2286,NULL,2,50.0000000000000000
2287,"EMAIL",1,25.0000000000000000
2287,"OUTRO",1,25.0000000000000000
2287,"SITE_EVENTO",2,50.0000000000000000
2288,"INDICACAO",1,25.0000000000000000
2288,"REDE_SOCIAL",2,50.0000000000000000
2288,NULL,1,25.0000000000000000
2289,"EMAIL",2,50.0000000000000000
2289,"OUTRO",1,25.0000000000000000
2289,"SITE_EVENTO",1,25.0000000000000000
2290,"INDICACAO",2,50.0000000000000000
2290,"REDE_SOCIAL",1,25.0000000000000000
2290,NULL,1,25.0000000000000000
2291,"EMAIL",1,25.0000000000000000
2291,"OUTRO",2,50.0000000000000000
2291,"SITE_EVENTO",1,25.0000000000000000
2292,"INDICACAO",1,25.0000000000000000
2292,"REDE_SOCIAL",1,25.0000000000000000
2292,NULL,2,50.0000000000000000
2293,"EMAIL",1,25.0000000000000000
2293,"OUTRO",1,25.0000000000000000
2293,"SITE_EVENTO",2,50.0000000000000000
2294,"INDICACAO",1,25.0000000000000000
2294,"REDE_SOCIAL",2,50.0000000000000000
2294,NULL,1,25.0000000000000000
2295,"EMAIL",2,50.0000000000000000
2295,"OUTRO",1,25.0000000000000000
2295,"SITE_EVENTO",1,25.0000000000000000
2296,"INDICACAO",2,50.0000000000000000
2296,"REDE_SOCIAL",1,25.0000000000000000
2296,NULL,1,25.0000000000000000
2297,"EMAIL",1,25.0000000000000000
2297,"OUTRO",2,50.0000000000000000
2297,"SITE_EVENTO",1,25.0000000000000000
2298,"INDICACAO",1,25.0000000000000000
2298,"REDE_SOCIAL",1,25.0000000000000000
2298,NULL,2,50.0000000000000000
2299,"EMAIL",1,25.0000000000000000
2299,"OUTRO",1,25.0000000000000000
2299,"SITE_EVENTO",2,50.0000000000000000
2300,"INDICACAO",1,25.0000000000000000
2300,"REDE_SOCIAL",2,50.0000000000000000
2300,NULL,1,25.0000000000000000
2301,"EMAIL",2,50.0000000000000000
2301,"OUTRO",1,25.0000000000000000
2301,"SITE_EVENTO",1,25.0000000000000000
2302,"INDICACAO",2,50.0000000000000000
2302,"REDE_SOCIAL",1,25.0000000000000000
2302,NULL,1,25.0000000000000000
2303,"EMAIL",1,25.0000000000000000
2303,"OUTRO",2,50.0000000000000000
2303,"SITE_EVENTO",1,25.0000000000000000
2304,"INDICACAO",1,25.0000000000000000
2304,"REDE_SOCIAL",1,25.0000000000000000
2304,NULL,2,50.0000000000000000
2305,"EMAIL",1,25.0000000000000000
2305,"OUTRO",1,25.0000000000000000
2305,"SITE_EVENTO",2,50.0000000000000000
2306,"INDICACAO",1,25.0000000000000000
2306,"REDE_SOCIAL",2,50.0000000000000000
2306,NULL,1,25.0000000000000000
2307,"EMAIL",2,50.0000000000000000
2307,"OUTRO",1,25.0000000000000000
2307,"SITE_EVENTO",1,25.0000000000000000
2308,"INDICACAO",2,50.0000000000000000
2308,"REDE_SOCIAL",1,25.0000000000000000
2308,NULL,1,25.0000000000000000
2309,"EMAIL",1,25.0000000000000000
2309,"OUTRO",2,50.0000000000000000
2309,"SITE_EVENTO",1,25.0000000000000000
2310,"INDICACAO",1,25.0000000000000000
2310,"REDE_SOCIAL",1,25.0000000000000000
2310,NULL,2,50.0000000000000000
2311,"EMAIL",1,25.0000000000000000
2311,"OUTRO",1,25.0000000000000000
2311,"SITE_EVENTO",2,50.0000000000000000
2312,"INDICACAO",1,25.0000000000000000
2312,"REDE_SOCIAL",2,50.0000000000000000
2312,NULL,1,25.0000000000000000
2313,"EMAIL",2,50.0000000000000000
2313,"OUTRO",1,25.0000000000000000
2313,"SITE_EVENTO",1,25.0000000000000000
2314,"INDICACAO",2,50.0000000000000000
2314,"REDE_SOCIAL",1,25.0000000000000000
2314,NULL,1,25.0000000000000000
2315,"EMAIL",1,25.0000000000000000
2315,"OUTRO",2,50.0000000000000000
2315,"SITE_EVENTO",1,25.0000000000000000
2316,"INDICACAO",1,25.0000000000000000
2316,"REDE_SOCIAL",1,25.0000000000000000
2316,NULL,2,50.0000000000000000
2317,"EMAIL",1,25.0000000000000000
2317,"OUTRO",1,25.0000000000000000
2317,"SITE_EVENTO",2,50.0000000000000000
2318,"INDICACAO",1,25.0000000000000000
2318,"REDE_SOCIAL",2,50.0000000000000000
2318,NULL,1,25.0000000000000000
2319,"EMAIL",2,50.0000000000000000
2319,"OUTRO",1,25.0000000000000000
2319,"SITE_EVENTO",1,25.0000000000000000
2320,"INDICACAO",2,50.0000000000000000
2320,"REDE_SOCIAL",1,25.0000000000000000
2320,NULL,1,25.0000000000000000
2321,"EMAIL",1,25.0000000000000000
2321,"OUTRO",2,50.0000000000000000
2321,"SITE_EVENTO",1,25.0000000000000000
2322,"INDICACAO",1,25.0000000000000000
2322,"REDE_SOCIAL",1,25.0000000000000000
2322,NULL,2,50.0000000000000000
2323,"EMAIL",1,25.0000000000000000
2323,"OUTRO",1,25.0000000000000000
2323,"SITE_EVENTO",2,50.0000000000000000
2324,"INDICACAO",1,25.0000000000000000
2324,"REDE_SOCIAL",2,50.0000000000000000
2324,NULL,1,25.0000000000000000
2325,"EMAIL",2,50.0000000000000000
2325,"OUTRO",1,25.0000000000000000
2325,"SITE_EVENTO",1,25.0000000000000000
2326,"INDICACAO",2,50.0000000000000000
2326,"REDE_SOCIAL",1,25.0000000000000000
2326,NULL,1,25.0000000000000000
2327,"EMAIL",1,25.0000000000000000
2327,"OUTRO",2,50.0000000000000000
2327,"SITE_EVENTO",1,25.0000000000000000
2328,"INDICACAO",1,25.0000000000000000
2328,"REDE_SOCIAL",1,25.0000000000000000
2328,NULL,2,50.0000000000000000
2329,"EMAIL",1,25.0000000000000000
2329,"OUTRO",1,25.0000000000000000
2329,"SITE_EVENTO",2,50.0000000000000000
2330,"INDICACAO",1,25.0000000000000000
2330,"REDE_SOCIAL",2,50.0000000000000000
2330,NULL,1,25.0000000000000000
2331,"EMAIL",2,50.0000000000000000
2331,"OUTRO",1,25.0000000000000000
2331,"SITE_EVENTO",1,25.0000000000000000
2332,"INDICACAO",2,50.0000000000000000
2332,"REDE_SOCIAL",1,25.0000000000000000
2332,NULL,1,25.0000000000000000
2333,"EMAIL",1,25.0000000000000000
2333,"OUTRO",2,50.0000000000000000
2333,"SITE_EVENTO",1,25.0000000000000000
2334,"INDICACAO",1,25.0000000000000000
2334,"REDE_SOCIAL",1,25.0000000000000000
2334,NULL,2,50.0000000000000000
2335,"EMAIL",1,25.0000000000000000
2335,"OUTRO",1,25.0000000000000000
2335,"SITE_EVENTO",2,50.0000000000000000
2336,"INDICACAO",1,25.0000000000000000
2336,"REDE_SOCIAL",2,50.0000000000000000
2336,NULL,1,25.0000000000000000
2337,"EMAIL",2,50.0000000000000000
2337,"OUTRO",1,25.0000000000000000
2337,"SITE_EVENTO",1,25.0000000000000000
2338,"INDICACAO",2,50.0000000000000000
2338,"REDE_SOCIAL",1,25.0000000000000000
2338,NULL,1,25.0000000000000000
2339,"EMAIL",1,25.0000000000000000
2339,"OUTRO",2,50.0000000000000000
2339,"SITE_EVENTO",1,25.0000000000000000
2340,"INDICACAO",1,25.0000000000000000
2340,"REDE_SOCIAL",1,25.0000000000000000
2340,NULL,2,50.0000000000000000
2341,"EMAIL",1,25.0000000000000000
2341,"OUTRO",1,25.0000000000000000
2341,"SITE_EVENTO",2,50.0000000000000000
2342,"INDICACAO",1,25.0000000000000000
2342,"REDE_SOCIAL",2,50.0000000000000000
2342,NULL,1,25.0000000000000000
2343,"EMAIL",2,50.0000000000000000
2343,"OUTRO",1,25.0000000000000000
2343,"SITE_EVENTO",1,25.0000000000000000
2344,"INDICACAO",2,50.0000000000000000
2344,"REDE_SOCIAL",1,25.0000000000000000
2344,NULL,1,25.0000000000000000
2345,"EMAIL",1,25.0000000000000000
2345,"OUTRO",2,50.0000000000000000
2345,"SITE_EVENTO",1,25.0000000000000000
2346,"INDICACAO",1,25.0000000000000000
2346,"REDE_SOCIAL",1,25.0000000000000000
2346,NULL,2,50.0000000000000000
2347,"EMAIL",1,25.0000000000000000
2347,"OUTRO",1,25.0000000000000000
2347,"SITE_EVENTO",2,50.0000000000000000
2348,"INDICACAO",1,25.0000000000000000
2348,"REDE_SOCIAL",2,50.0000000000000000
2348,NULL,1,25.0000000000000000
2349,"EMAIL",2,50.0000000000000000
2349,"OUTRO",1,25.0000000000000000
2349,"SITE_EVENTO",1,25.0000000000000000
2350,"INDICACAO",2,50.0000000000000000
2350,"REDE_SOCIAL",1,25.0000000000000000
2350,NULL,1,25.0000000000000000
2351,"EMAIL",1,25.0000000000000000
2351,"OUTRO",2,50.0000000000000000
2351,"SITE_EVENTO",1,25.0000000000000000
2352,"INDICACAO",1,25.0000000000000000
2352,"REDE_SOCIAL",1,25.0000000000000000
2352,NULL,2,50.0000000000000000
2353,"EMAIL",1,25.0000000000000000
2353,"OUTRO",1,25.0000000000000000
2353,"SITE_EVENTO",2,50.0000000000000000
2354,"INDICACAO",1,25.0000000000000000
2354,"REDE_SOCIAL",2,50.0000000000000000
2354,NULL,1,25.0000000000000000
2355,"EMAIL",2,50.0000000000000000
2355,"OUTRO",1,25.0000000000000000
2355,"SITE_EVENTO",1,25.0000000000000000
2356,"INDICACAO",2,50.0000000000000000
2356,"REDE_SOCIAL",1,25.0000000000000000
2356,NULL,1,25.0000000000000000
2357,"EMAIL",1,25.0000000000000000
2357,"OUTRO",2,50.0000000000000000
2357,"SITE_EVENTO",1,25.0000000000000000
2358,"INDICACAO",1,25.0000000000000000
2358,"REDE_SOCIAL",1,25.0000000000000000
2358,NULL,2,50.0000000000000000
2359,"EMAIL",1,25.0000000000000000
2359,"OUTRO",1,25.0000000000000000
2359,"SITE_EVENTO",2,50.0000000000000000
2360,"INDICACAO",1,25.0000000000000000
2360,"REDE_SOCIAL",2,50.0000000000000000
2360,NULL,1,25.0000000000000000
2361,"EMAIL",2,50.0000000000000000
2361,"OUTRO",1,25.0000000000000000
2361,"SITE_EVENTO",1,25.0000000000000000
2362,"INDICACAO",2,50.0000000000000000
2362,"REDE_SOCIAL",1,25.0000000000000000
2362,NULL,1,25.0000000000000000
2363,"EMAIL",1,25.0000000000000000
2363,"OUTRO",2,50.0000000000000000
2363,"SITE_EVENTO",1,25.0000000000000000
2364,"INDICACAO",1,25.0000000000000000
2364,"REDE_SOCIAL",1,25.0000000000000000
2364,NULL,2,50.0000000000000000
2365,"EMAIL",1,25.0000000000000000
2365,"OUTRO",1,25.0000000000000000
2365,"SITE_EVENTO",2,50.0000000000000000
2366,"INDICACAO",1,25.0000000000000000
2366,"REDE_SOCIAL",2,50.0000000000000000
2366,NULL,1,25.0000000000000000
2367,"EMAIL",2,50.0000000000000000
2367,"OUTRO",1,25.0000000000000000
2367,"SITE_EVENTO",1,25.0000000000000000
2368,"INDICACAO",2,50.0000000000000000
2368,"REDE_SOCIAL",1,25.0000000000000000
2368,NULL,1,25.0000000000000000
2369,"EMAIL",1,25.0000000000000000
2369,"OUTRO",2,50.0000000000000000
2369,"SITE_EVENTO",1,25.0000000000000000
2370,"INDICACAO",1,25.0000000000000000
2370,"REDE_SOCIAL",1,25.0000000000000000
2370,NULL,2,50.0000000000000000
2371,"EMAIL",1,25.0000000000000000
2371,"OUTRO",1,25.0000000000000000
2371,"SITE_EVENTO",2,50.0000000000000000
2372,"INDICACAO",1,25.0000000000000000
2372,"REDE_SOCIAL",2,50.0000000000000000
2372,NULL,1,25.0000000000000000
2373,"EMAIL",2,50.0000000000000000
2373,"OUTRO",1,25.0000000000000000
2373,"SITE_EVENTO",1,25.0000000000000000
2374,"INDICACAO",2,50.0000000000000000
2374,"REDE_SOCIAL",1,25.0000000000000000
2374,NULL,1,25.0000000000000000
2375,"EMAIL",1,25.0000000000000000
2375,"OUTRO",2,50.0000000000000000
2375,"SITE_EVENTO",1,25.0000000000000000
2376,"INDICACAO",1,25.0000000000000000
2376,"REDE_SOCIAL",1,25.0000000000000000
2376,NULL,2,50.0000000000000000
2377,"EMAIL",1,25.0000000000000000
2377,"OUTRO",1,25.0000000000000000
2377,"SITE_EVENTO",2,50.0000000000000000
2378,"INDICACAO",1,25.0000000000000000
2378,"REDE_SOCIAL",2,50.0000000000000000
2378,NULL,1,25.0000000000000000
2379,"EMAIL",2,50.0000000000000000
2379,"OUTRO",1,25.0000000000000000
2379,"SITE_EVENTO",1,25.0000000000000000
2380,"INDICACAO",2,50.0000000000000000
2380,"REDE_SOCIAL",1,25.0000000000000000
2380,NULL,1,25.0000000000000000
2381,"EMAIL",1,25.0000000000000000
2381,"OUTRO",2,50.0000000000000000
2381,"SITE_EVENTO",1,25.0000000000000000
2382,"INDICACAO",1,25.0000000000000000
2382,"REDE_SOCIAL",1,25.0000000000000000
2382,NULL,2,50.0000000000000000
2383,"EMAIL",1,25.0000000000000000
2383,"OUTRO",1,25.0000000000000000
2383,"SITE_EVENTO",2,50.0000000000000000
2384,"INDICACAO",1,25.0000000000000000
2384,"REDE_SOCIAL",2,50.0000000000000000
2384,NULL,1,25.0000000000000000
2385,"EMAIL",2,50.0000000000000000
2385,"OUTRO",1,25.0000000000000000
2385,"SITE_EVENTO",1,25.0000000000000000
2386,"INDICACAO",2,50.0000000000000000
2386,"REDE_SOCIAL",1,25.0000000000000000
2386,NULL,1,25.0000000000000000
2387,"EMAIL",1,25.0000000000000000
2387,"OUTRO",2,50.0000000000000000
2387,"SITE_EVENTO",1,25.0000000000000000
2388,"INDICACAO",1,25.0000000000000000
2388,"REDE_SOCIAL",1,25.0000000000000000
2388,NULL,2,50.0000000000000000
2389,"EMAIL",1,25.0000000000000000
2389,"OUTRO",1,25.0000000000000000
2389,"SITE_EVENTO",2,50.0000000000000000
2390,"INDICACAO",1,25.0000000000000000
2390,"REDE_SOCIAL",2,50.0000000000000000
2390,NULL,1,25.0000000000000000
2391,"EMAIL",2,50.0000000000000000
2391,"OUTRO",1,25.0000000000000000
2391,"SITE_EVENTO",1,25.0000000000000000
2392,"INDICACAO",2,50.0000000000000000
2392,"REDE_SOCIAL",1,25.0000000000000000
2392,NULL,1,25.0000000000000000
2393,"EMAIL",1,25.0000000000000000
2393,"OUTRO",2,50.0000000000000000
2393,"SITE_EVENTO",1,25.0000000000000000
2394,"INDICACAO",1,25.0000000000000000
2394,"REDE_SOCIAL",1,25.0000000000000000
2394,NULL,2,50.0000000000000000
2395,"EMAIL",1,25.0000000000000000
2395,"OUTRO",1,25.0000000000000000
2395,"SITE_EVENTO",2,50.0000000000000000
2396,"INDICACAO",1,25.0000000000000000
2396,"REDE_SOCIAL",2,50.0000000000000000
2396,NULL,1,25.0000000000000000
2397,"EMAIL",2,50.0000000000000000
2397,"OUTRO",1,25.0000000000000000
2397,"SITE_EVENTO",1,25.0000000000000000
2398,"INDICACAO",2,50.0000000000000000
2398,"REDE_SOCIAL",1,25.0000000000000000
2398,NULL,1,25.0000000000000000
2399,"EMAIL",1,25.0000000000000000
2399,"OUTRO",2,50.0000000000000000
2399,"SITE_EVENTO",1,25.0000000000000000
2400,"INDICACAO",1,25.0000000000000000
2400,"REDE_SOCIAL",1,25.0000000000000000
2400,NULL,2,50.0000000000000000
2401,"EMAIL",1,25.0000000000000000
2401,"OUTRO",1,25.0000000000000000
2401,"SITE_EVENTO",2,50.0000000000000000
2402,"INDICACAO",1,25.0000000000000000
2402,"REDE_SOCIAL",2,50.0000000000000000
2402,NULL,1,25.0000000000000000
2403,"EMAIL",2,50.0000000000000000
2403,"OUTRO",1,25.0000000000000000
2403,"SITE_EVENTO",1,25.0000000000000000
2404,"INDICACAO",2,50.0000000000000000
2404,"REDE_SOCIAL",1,25.0000000000000000
2404,NULL,1,25.0000000000000000
2405,"EMAIL",1,25.0000000000000000
2405,"OUTRO",2,50.0000000000000000
2405,"SITE_EVENTO",1,25.0000000000000000
2406,"INDICACAO",1,25.0000000000000000
2406,"REDE_SOCIAL",1,25.0000000000000000
2406,NULL,2,50.0000000000000000
2407,"EMAIL",1,25.0000000000000000
2407,"OUTRO",1,25.0000000000000000
2407,"SITE_EVENTO",2,50.0000000000000000
2408,"INDICACAO",1,25.0000000000000000
2408,"REDE_SOCIAL",2,50.0000000000000000
2408,NULL,1,25.0000000000000000
2409,"EMAIL",2,50.0000000000000000
2409,"OUTRO",1,25.0000000000000000
2409,"SITE_EVENTO",1,25.0000000000000000
2410,"INDICACAO",2,50.0000000000000000
2410,"REDE_SOCIAL",1,25.0000000000000000
2410,NULL,1,25.0000000000000000
2411,"EMAIL",1,25.0000000000000000
2411,"OUTRO",2,50.0000000000000000
2411,"SITE_EVENTO",1,25.0000000000000000
2412,"INDICACAO",1,25.0000000000000000
2412,"REDE_SOCIAL",1,25.0000000000000000
2412,NULL,2,50.0000000000000000
2413,"EMAIL",1,25.0000000000000000
2413,"OUTRO",1,25.0000000000000000
2413,"SITE_EVENTO",2,50.0000000000000000
2414,"INDICACAO",1,25.0000000000000000
2414,"REDE_SOCIAL",2,50.0000000000000000
2414,NULL,1,25.0000000000000000
2415,"EMAIL",2,50.0000000000000000
2415,"OUTRO",1,25.0000000000000000
2415,"SITE_EVENTO",1,25.0000000000000000
2416,"INDICACAO",2,50.0000000000000000
2416,"REDE_SOCIAL",1,25.0000000000000000
2416,NULL,1,25.0000000000000000
2417,"EMAIL",1,25.0000000000000000
2417,"OUTRO",2,50.0000000000000000
2417,"SITE_EVENTO",1,25.0000000000000000
2418,"INDICACAO",1,25.0000000000000000
2418,"REDE_SOCIAL",1,25.0000000000000000
2418,NULL,2,50.0000000000000000
2419,"EMAIL",1,25.0000000000000000
2419,"OUTRO",1,25.0000000000000000
2419,"SITE_EVENTO",2,50.0000000000000000
2420,"INDICACAO",1,25.0000000000000000
2420,"REDE_SOCIAL",2,50.0000000000000000
2420,NULL,1,25.0000000000000000
2421,"EMAIL",2,50.0000000000000000
2421,"OUTRO",1,25.0000000000000000
2421,"SITE_EVENTO",1,25.0000000000000000
2422,"INDICACAO",2,50.0000000000000000
2422,"REDE_SOCIAL",1,25.0000000000000000
2422,NULL,1,25.0000000000000000
2423,"EMAIL",1,25.0000000000000000
2423,"OUTRO",2,50.0000000000000000
2423,"SITE_EVENTO",1,25.0000000000000000
2424,"INDICACAO",1,25.0000000000000000
2424,"REDE_SOCIAL",1,25.0000000000000000
2424,NULL,2,50.0000000000000000
2425,"EMAIL",1,25.0000000000000000
2425,"OUTRO",1,25.0000000000000000
2425,"SITE_EVENTO",2,50.0000000000000000
2426,"INDICACAO",1,25.0000000000000000
2426,"REDE_SOCIAL",2,50.0000000000000000
2426,NULL,1,25.0000000000000000
2427,"EMAIL",2,50.0000000000000000
2427,"OUTRO",1,25.0000000000000000
2427,"SITE_EVENTO",1,25.0000000000000000
2428,"INDICACAO",2,50.0000000000000000
2428,"REDE_SOCIAL",1,25.0000000000000000
2428,NULL,1,25.0000000000000000
2429,"EMAIL",1,25.0000000000000000
2429,"OUTRO",2,50.0000000000000000
2429,"SITE_EVENTO",1,25.0000000000000000
2430,"INDICACAO",1,25.0000000000000000
2430,"REDE_SOCIAL",1,25.0000000000000000
2430,NULL,2,50.0000000000000000
2431,"EMAIL",1,25.0000000000000000
2431,"OUTRO",1,25.0000000000000000
2431,"SITE_EVENTO",2,50.0000000000000000
2432,"INDICACAO",1,25.0000000000000000
2432,"REDE_SOCIAL",2,50.0000000000000000
2432,NULL,1,25.0000000000000000
2433,"EMAIL",2,50.0000000000000000
2433,"OUTRO",1,25.0000000000000000
2433,"SITE_EVENTO",1,25.0000000000000000
2434,"INDICACAO",2,50.0000000000000000
2434,"REDE_SOCIAL",1,25.0000000000000000
2434,NULL,1,25.0000000000000000
2435,"EMAIL",1,25.0000000000000000
2435,"OUTRO",2,50.0000000000000000
2435,"SITE_EVENTO",1,25.0000000000000000
2436,"INDICACAO",1,25.0000000000000000
2436,"REDE_SOCIAL",1,25.0000000000000000
2436,NULL,2,50.0000000000000000
2437,"EMAIL",1,25.0000000000000000
2437,"OUTRO",1,25.0000000000000000
2437,"SITE_EVENTO",2,50.0000000000000000
2438,"INDICACAO",1,25.0000000000000000
2438,"REDE_SOCIAL",2,50.0000000000000000
2438,NULL,1,25.0000000000000000
2439,"EMAIL",2,50.0000000000000000
2439,"OUTRO",1,25.0000000000000000
2439,"SITE_EVENTO",1,25.0000000000000000
2440,"INDICACAO",2,50.0000000000000000
2440,"REDE_SOCIAL",1,25.0000000000000000
2440,NULL,1,25.0000000000000000
2441,"EMAIL",1,25.0000000000000000
2441,"OUTRO",2,50.0000000000000000
2441,"SITE_EVENTO",1,25.0000000000000000
2442,"INDICACAO",1,25.0000000000000000
2442,"REDE_SOCIAL",1,25.0000000000000000
2442,NULL,2,50.0000000000000000
2443,"EMAIL",1,25.0000000000000000
2443,"OUTRO",1,25.0000000000000000
2443,"SITE_EVENTO",2,50.0000000000000000
2444,"INDICACAO",1,25.0000000000000000
2444,"REDE_SOCIAL",2,50.0000000000000000
2444,NULL,1,25.0000000000000000
2445,"EMAIL",2,50.0000000000000000
2445,"OUTRO",1,25.0000000000000000
2445,"SITE_EVENTO",1,25.0000000000000000
2446,"INDICACAO",2,50.0000000000000000
2446,"REDE_SOCIAL",1,25.0000000000000000
2446,NULL,1,25.0000000000000000
2447,"EMAIL",1,25.0000000000000000
2447,"OUTRO",2,50.0000000000000000
2447,"SITE_EVENTO",1,25.0000000000000000
2448,"INDICACAO",1,25.0000000000000000
2448,"REDE_SOCIAL",1,25.0000000000000000
2448,NULL,2,50.0000000000000000
2449,"EMAIL",1,25.0000000000000000
2449,"OUTRO",1,25.0000000000000000
2449,"SITE_EVENTO",2,50.0000000000000000
2450,"INDICACAO",1,25.0000000000000000
2450,"REDE_SOCIAL",2,50.0000000000000000
2450,NULL,1,25.0000000000000000
2451,"EMAIL",2,50.0000000000000000
2451,"OUTRO",1,25.0000000000000000
2451,"SITE_EVENTO",1,25.0000000000000000
2452,"INDICACAO",2,50.0000000000000000
2452,"REDE_SOCIAL",1,25.0000000000000000
2452,NULL,1,25.0000000000000000
2453,"EMAIL",1,25.0000000000000000
2453,"OUTRO",2,50.0000000000000000
2453,"SITE_EVENTO",1,25.0000000000000000
2454,"INDICACAO",1,25.0000000000000000
2454,"REDE_SOCIAL",1,25.0000000000000000
2454,NULL,2,50.0000000000000000
2455,"EMAIL",1,25.0000000000000000
2455,"OUTRO",1,25.0000000000000000
2455,"SITE_EVENTO",2,50.0000000000000000
2456,"INDICACAO",1,25.0000000000000000
2456,"REDE_SOCIAL",2,50.0000000000000000
2456,NULL,1,25.0000000000000000
2457,"EMAIL",2,50.0000000000000000
2457,"OUTRO",1,25.0000000000000000
2457,"SITE_EVENTO",1,25.0000000000000000
2458,"INDICACAO",2,50.0000000000000000
2458,"REDE_SOCIAL",1,25.0000000000000000
2458,NULL,1,25.0000000000000000
2459,"EMAIL",1,25.0000000000000000
2459,"OUTRO",2,50.0000000000000000
2459,"SITE_EVENTO",1,25.0000000000000000
2460,"INDICACAO",1,25.0000000000000000
2460,"REDE_SOCIAL",1,25.0000000000000000
2460,NULL,2,50.0000000000000000
2461,"EMAIL",1,25.0000000000000000
2461,"OUTRO",1,25.0000000000000000
2461,"SITE_EVENTO",2,50.0000000000000000
2462,"INDICACAO",1,25.0000000000000000
2462,"REDE_SOCIAL",2,50.0000000000000000
2462,NULL,1,25.0000000000000000
2463,"EMAIL",2,50.0000000000000000
2463,"OUTRO",1,25.0000000000000000
2463,"SITE_EVENTO",1,25.0000000000000000
2464,"INDICACAO",2,50.0000000000000000
2464,"REDE_SOCIAL",1,25.0000000000000000
2464,NULL,1,25.0000000000000000
2465,"EMAIL",1,25.0000000000000000
2465,"OUTRO",2,50.0000000000000000
2465,"SITE_EVENTO",1,25.0000000000000000
2466,"INDICACAO",1,25.0000000000000000
2466,"REDE_SOCIAL",1,25.0000000000000000
2466,NULL,2,50.0000000000000000
2467,"EMAIL",1,25.0000000000000000
2467,"OUTRO",1,25.0000000000000000
2467,"SITE_EVENTO",2,50.0000000000000000
2468,"INDICACAO",1,25.0000000000000000
2468,"REDE_SOCIAL",2,50.0000000000000000
2468,NULL,1,25.0000000000000000
2469,"EMAIL",2,50.0000000000000000
2469,"OUTRO",1,25.0000000000000000
2469,"SITE_EVENTO",1,25.0000000000000000
2470,"INDICACAO",2,50.0000000000000000
2470,"REDE_SOCIAL",1,25.0000000000000000
2470,NULL,1,25.0000000000000000
2471,"EMAIL",1,25.0000000000000000
2471,"OUTRO",2,50.0000000000000000
2471,"SITE_EVENTO",1,25.0000000000000000
2472,"INDICACAO",1,25.0000000000000000
2472,"REDE_SOCIAL",1,25.0000000000000000
2472,NULL,2,50.0000000000000000
2473,"EMAIL",1,25.0000000000000000
2473,"OUTRO",1,25.0000000000000000
2473,"SITE_EVENTO",2,50.0000000000000000
2474,"INDICACAO",1,25.0000000000000000
2474,"REDE_SOCIAL",2,50.0000000000000000
2474,NULL,1,25.0000000000000000
2475,"EMAIL",2,50.0000000000000000
2475,"OUTRO",1,25.0000000000000000
2475,"SITE_EVENTO",1,25.0000000000000000
2476,"INDICACAO",2,50.0000000000000000
2476,"REDE_SOCIAL",1,25.0000000000000000
2476,NULL,1,25.0000000000000000
2477,"EMAIL",1,25.0000000000000000
2477,"OUTRO",2,50.0000000000000000
2477,"SITE_EVENTO",1,25.0000000000000000
2478,"INDICACAO",1,25.0000000000000000
2478,"REDE_SOCIAL",1,25.0000000000000000
2478,NULL,2,50.0000000000000000
2479,"EMAIL",1,25.0000000000000000
2479,"OUTRO",1,25.0000000000000000
2479,"SITE_EVENTO",2,50.0000000000000000
2480,"INDICACAO",1,25.0000000000000000
2480,"REDE_SOCIAL",2,50.0000000000000000
2480,NULL,1,25.0000000000000000
2481,"EMAIL",2,50.0000000000000000
2481,"OUTRO",1,25.0000000000000000
2481,"SITE_EVENTO",1,25.0000000000000000
2482,"INDICACAO",2,50.0000000000000000
2482,"REDE_SOCIAL",1,25.0000000000000000
2482,NULL,1,25.0000000000000000
2483,"EMAIL",1,25.0000000000000000
2483,"OUTRO",2,50.0000000000000000
2483,"SITE_EVENTO",1,25.0000000000000000
2484,"INDICACAO",1,25.0000000000000000
2484,"REDE_SOCIAL",1,25.0000000000000000
2484,NULL,2,50.0000000000000000
2485,"EMAIL",1,25.0000000000000000
2485,"OUTRO",1,25.0000000000000000
2485,"SITE_EVENTO",2,50.0000000000000000
2486,"INDICACAO",1,25.0000000000000000
2486,"REDE_SOCIAL",2,50.0000000000000000
2486,NULL,1,25.0000000000000000
2487,"EMAIL",2,50.0000000000000000
2487,"OUTRO",1,25.0000000000000000
2487,"SITE_EVENTO",1,25.0000000000000000
2488,"INDICACAO",2,50.0000000000000000
2488,"REDE_SOCIAL",1,25.0000000000000000
2488,NULL,1,25.0000000000000000
2489,"EMAIL",1,25.0000000000000000
2489,"OUTRO",2,50.0000000000000000
2489,"SITE_EVENTO",1,25.0000000000000000
2490,"INDICACAO",1,25.0000000000000000
2490,"REDE_SOCIAL",1,25.0000000000000000
2490,NULL,2,50.0000000000000000
2491,"EMAIL",1,25.0000000000000000
2491,"OUTRO",1,25.0000000000000000
2491,"SITE_EVENTO",2,50.0000000000000000
2492,"INDICACAO",1,25.0000000000000000
2492,"REDE_SOCIAL",2,50.0000000000000000
2492,NULL,1,25.0000000000000000
2493,"EMAIL",2,50.0000000000000000
2493,"OUTRO",1,25.0000000000000000
2493,"SITE_EVENTO",1,25.0000000000000000
2494,"INDICACAO",2,50.0000000000000000
2494,"REDE_SOCIAL",1,25.0000000000000000
2494,NULL,1,25.0000000000000000
2495,"EMAIL",1,25.0000000000000000
2495,"OUTRO",2,50.0000000000000000
2495,"SITE_EVENTO",1,25.0000000000000000
2496,"INDICACAO",1,25.0000000000000000
2496,"REDE_SOCIAL",1,25.0000000000000000
2496,NULL,2,50.0000000000000000
2497,"EMAIL",1,25.0000000000000000
2497,"OUTRO",1,25.0000000000000000
2497,"SITE_EVENTO",2,50.0000000000000000
2498,"INDICACAO",1,25.0000000000000000
2498,"REDE_SOCIAL",2,50.0000000000000000
2498,NULL,1,25.0000000000000000
2499,"EMAIL",2,50.0000000000000000
2499,"OUTRO",1,25.0000000000000000
2499,"SITE_EVENTO",1,25.0000000000000000
2500,"INDICACAO",2,50.0000000000000000
2500,"REDE_SOCIAL",1,25.0000000000000000
2500,NULL,1,25.0000000000000000
